token,symbol,name
11032,SANGINITA-EQ,SANGINITA
9219,TPLPLASTEH-EQ,TPLPLASTEH
3273,SRF-EQ,SRF
20314,NRAIL-EQ,NRAIL
8054,KTKBANK-EQ,KTKBANK
3908,PREMIERPOL-EQ,PREMIERPOL
10828,SEYAIND-EQ,SEYAIND
7361,SETFNIFBK-EQ,SETFNIFBK
7411,NILASPACES-EQ,NILASPACES
17152,ICICIM150-EQ,ICICIM150
913,EQUITASBNK-EQ,EQUITASBNK
212,ASHOKLEY-EQ,ASHOKLEY
701,HEMIPROP-EQ,HEMIPROP
14712,HGS-EQ,HGS
13182,ROHLTD-EQ,ROHLTD
4378,ICICISENSX-EQ,ICICISENSX
21332,BHAGYAPROP-EQ,BHAGYAPROP
11532,ULTRACEMCO-EQ,ULTRACEMCO
16783,GET&D-EQ,GET&D
11971,GOLDIAM-EQ,GOLDIAM
13658,GEECEE-EQ,GEECEE
10948,STCINDIA-EQ,STCINDIA
16292,PANACHE-EQ,PANACHE
1476,IDBI-EQ,IDBI
23824,SANGHVIFOR-EQ,SANGHVIFOR
7,AARTIIND-EQ,AARTIIND
2354,KARDA-EQ,KARDA
12847,KRISHANA-EQ,KRISHANA
4179,SUNDRMBRAK-EQ,SUNDRMBRAK
23650,MUTHOOTFIN-EQ,MUTHOOTFIN
19,INEOSSTYRO-EQ,INEOSSTYRO
1508,ASTERDM-EQ,ASTERDM
19061,MANAPPURAM-EQ,MANAPPURAM
1512,INDHOTEL-EQ,INDHOTEL
936,DPABHUSHAN-EQ,DPABHUSHAN
14008,AVTNPL-EQ,AVTNPL
12603,PRECAM-EQ,PRECAM
15219,PATINTLOG-EQ,PATINTLOG
17046,HINDNATGLS-EQ,HINDNATGLS
3938,INDLMETER-EQ,INDLMETER
11860,JKPAPER-EQ,JKPAPER
20698,SCHAND-EQ,SCHAND
19104,ROLLT-EQ,ROLLT
14644,MIC-EQ,MIC
474,3MINDIA-EQ,3MINDIA
3129,SHREYAS-EQ,SHREYAS
18431,BIGBLOC-EQ,BIGBLOC
16875,SICAGEN-EQ,SICAGEN
13730,INSPIRISYS-EQ,INSPIRISYS
10217,ADANITRANS-EQ,ADANITRANS
21808,SBILIFE-EQ,SBILIFE
19184,SFL-EQ,SFL
2997,SANGHIIND-EQ,SANGHIIND
1181,GODFRYPHLP-EQ,GODFRYPHLP
7518,TREJHARA-EQ,TREJHARA
3149,BORORENEW-EQ,BORORENEW
11813,SHOPERSTOP-EQ,SHOPERSTOP
24217,IVZINNIFTY-EQ,IVZINNIFTY
11522,NIITLTD-EQ,NIITLTD
13275,INDOTECH-EQ,INDOTECH
11689,SUPRAJIT-EQ,SUPRAJIT
11184,IDFCFIRSTB-EQ,IDFCFIRSTB
11842,CYBERMEDIA-EQ,CYBERMEDIA
13295,VISASTEEL-EQ,VISASTEEL
10993,INDORAMA-EQ,INDORAMA
79,ALEMBICLTD-EQ,ALEMBICLTD
4014,NBVENTURES-EQ,NBVENTURES
11965,VIVIMEDLAB-EQ,VIVIMEDLAB
419,BEPL-EQ,BEPL
1363,HINDALCO-EQ,HINDALCO
11864,PRIMESECU-EQ,PRIMESECU
15308,SHRIRAMEPC-EQ,SHRIRAMEPC
22377,MAXHEALTH-EQ,MAXHEALTH
11625,EBANK-EQ,EBANK
8833,BCG-EQ,BCG
11301,LUXIND-EQ,LUXIND
10576,NIFTYBEES-EQ,NIFTYBEES
18889,KSL-EQ,KSL
11647,KOTARISUG-EQ,KOTARISUG
7919,BYKE-EQ,BYKE
17044,SHARIABEES-EQ,SHARIABEES
1581,TARC-EQ,TARC
6385,CCHHL-EQ,CCHHL
12978,NPBET-EQ,NPBET
18102,KOTAKNIFTY-EQ,KOTAKNIFTY
14154,MINDAIND-EQ,MINDAIND
2109,MANGTIMBER-EQ,MANGTIMBER
827,DEEPAKFERT-EQ,DEEPAKFERT
11979,HTMEDIA-EQ,HTMEDIA
19049,SANCO-EQ,SANCO
14428,GOLDBEES-EQ,GOLDBEES
9046,AGROPHOS-EQ,AGROPHOS
8311,BLUESTARCO-EQ,BLUESTARCO
14134,PITTIENG-EQ,PITTIENG
18284,HNGSNGBEES-EQ,HNGSNGBEES
24595,RUSHIL-EQ,RUSHIL
20825,HUDCO-EQ,HUDCO
17794,SOMICONVEY-EQ,SOMICONVEY
4020,HOTELRUGBY-EQ,HOTELRUGBY
3387,SMLISUZU-EQ,SMLISUZU
14667,KMSUGAR-EQ,KMSUGAR
136,ANDHRSUGAR-EQ,ANDHRSUGAR
2649,PHILIPCARB-EQ,PHILIPCARB
21749,CAPACITE-EQ,CAPACITE
18944,KINGFA-EQ,KINGFA
1313,HARRMALAYA-EQ,HARRMALAYA
14361,APOLLOPIPE-EQ,APOLLOPIPE
9917,NEOGEN-EQ,NEOGEN
11774,3IINFOTECH-EQ,3IINFOTECH
1621,TATAINVEST-EQ,TATAINVEST
10511,UTINIFTETF-EQ,UTINIFTETF
22,ACC-EQ,ACC
2492,SILGO-EQ,SILGO
685,CHOLAFIN-EQ,CHOLAFIN
14450,IBREALEST-EQ,IBREALEST
1811,KAKATCEM-EQ,KAKATCEM
17818,LTI-EQ,LTI
3024,JINDALSAW-EQ,JINDALSAW
18520,CUPID-EQ,CUPID
13381,KKCL-EQ,KKCL
10700,SURANAT&P-EQ,SURANAT&P
1814,KALPATPOWR-EQ,KALPATPOWR
10447,MCDOWELL-N-EQ,MCDOWELL-N
14203,HUBTOWN-EQ,HUBTOWN
2711,PRECOT-EQ,PRECOT
13342,VAKRANGEE-EQ,VAKRANGEE
6198,FCL-EQ,FCL
341,BALRAMCHIN-EQ,BALRAMCHIN
11763,JPPOWER-EQ,JPPOWER
11050,SIRCA-EQ,SIRCA
1041,FINPIPE-EQ,FINPIPE
9897,AIRAN-EQ,AIRAN
11549,TEXINFRA-EQ,TEXINFRA
426,BHARATGEAR-EQ,BHARATGEAR
21541,JUBLINDS-EQ,JUBLINDS
13126,REPRO-EQ,REPRO
17675,ALOKINDS-EQ,ALOKINDS
10990,RADICO-EQ,RADICO
17534,MGL-EQ,MGL
30835,PILITA-EQ,PILITA
368,BASF-EQ,BASF
13511,MUNJALAU-EQ,MUNJALAU
9117,TIPSINDLTD-EQ,TIPSINDLTD
14314,TTL-EQ,TTL
19196,TI-EQ,TI
18422,ASIANHOTNR-EQ,ASIANHOTNR
7902,LFIC-EQ,LFIC
2029,IRFC-EQ,IRFC
17249,ABMINTLTD-EQ,ABMINTLTD
8840,USHAMART-EQ,USHAMART
15141,COLPAL-EQ,COLPAL
6713,MOLDTKPAC-EQ,MOLDTKPAC
20877,PSPPROJECT-EQ,PSPPROJECT
11403,MAGMA-EQ,MAGMA
17598,ASALCBR-EQ,ASALCBR
21392,MAGADSUGAR-EQ,MAGADSUGAR
8175,SAGARDEEP-EQ,SAGARDEEP
2987,NAZARA-EQ,NAZARA
21614,ABCAPITAL-EQ,ABCAPITAL
1521,INDIAGLYCO-EQ,INDIAGLYCO
13300,NITCO-EQ,NITCO
6407,LAMBODHARA-EQ,LAMBODHARA
1255,GOLDENTOBC-EQ,GOLDENTOBC
17635,ZYDUSWELL-EQ,ZYDUSWELL
11935,SPLIL-EQ,SPLIL
27161,CINELINE-EQ,CINELINE
13251,SAKUMA-EQ,SAKUMA
1110,DANGEE-EQ,DANGEE
22239,EBBETF0431-EQ,EBBETF0431
967,SUBEXLTD-EQ,SUBEXLTD
3396,TAINWALCHM-EQ,TAINWALCHM
638,SUULD-EQ,SUULD
3138,HONDAPOWER-EQ,HONDAPOWER
1448,HLVLTD-EQ,HLVLTD
10181,BALKRISHNA-EQ,BALKRISHNA
18226,MANINFRA-EQ,MANINFRA
15313,IRB-EQ,IRB
7627,SHREERAMA-EQ,SHREERAMA
1782,KANPRPLA-EQ,KANPRPLA
6543,GRPLTD-EQ,GRPLTD
4105,SILINV-EQ,SILINV
17400,NHPC-EQ,NHPC
3496,TIRUMALCHM-EQ,TIRUMALCHM
5428,TRIGYN-EQ,TRIGYN
17691,VIJIFIN-EQ,VIJIFIN
21174,CDSL-EQ,CDSL
13801,SUTLEJTEX-EQ,SUTLEJTEX
278,AUTOAXLES-EQ,AUTOAXLES
4023,MOHOTAIND-EQ,MOHOTAIND
3162,SIMPLEXINF-EQ,SIMPLEXINF
15007,MANGCHEFER-EQ,MANGCHEFER
11265,TVSELECT-EQ,TVSELECT
13260,KEC-EQ,KEC
10276,KAYA-EQ,KAYA
445,5PAISA-EQ,5PAISA
18895,JPINFRATEC-EQ,JPINFRATEC
30392,ICICINF100-EQ,ICICINF100
31409,MTEDUCARE-EQ,MTEDUCARE
10415,MUTHOOTCAP-EQ,MUTHOOTCAP
11593,HDFCSENETF-EQ,HDFCSENETF
553,RELINFRA-EQ,RELINFRA
13560,GRINDWELL-EQ,GRINDWELL
18564,LTTS-EQ,LTTS
1919,KOPRAN-EQ,KOPRAN
21095,SPYL-EQ,SPYL
13187,RCOM-EQ,RCOM
2616,SEAMECLTD-EQ,SEAMECLTD
13656,ALICON-EQ,ALICON
10238,CONFIPET-EQ,CONFIPET
740,SBIETFIT-EQ,SBIETFIT
21551,SMSLIFE-EQ,SMSLIFE
3736,WALCHANNAG-EQ,WALCHANNAG
13951,PARACABLES-EQ,PARACABLES
20446,PODDARHOUS-EQ,PODDARHOUS
2481,ONWARDTEC-EQ,ONWARDTEC
17758,SARDAEN-EQ,SARDAEN
2955,KALYANKJIL-EQ,KALYANKJIL
21951,HFCL-EQ,HFCL
2320,SMCGLOBAL-EQ,SMCGLOBAL
317,BAJFINANCE-EQ,BAJFINANCE
1494,BURGERKING-EQ,BURGERKING
4911,MADRASFERT-EQ,MADRASFERT
1841,KCP-EQ,KCP
11829,SSWL-EQ,SSWL
16965,TATAMTRDVR-EQ,TATAMTRDVR
13,ABB-EQ,ABB
11778,GOKEX-EQ,GOKEX
17659,UNIVPHOTO-EQ,UNIVPHOTO
13310,KEI-EQ,KEI
20560,DOLLAR-EQ,DOLLAR
30023,ATULAUTO-EQ,ATULAUTO
628,CESC-EQ,CESC
20134,RAMKY-EQ,RAMKY
13538,TECHM-EQ,TECHM
2112,MARALOVER-EQ,MARALOVER
13598,SELAN-EQ,SELAN
2043,RAMCOCEM-EQ,RAMCOCEM
17486,EXPLEOSOL-EQ,EXPLEOSOL
20203,URJA-EQ,URJA
6944,GANECOS-EQ,GANECOS
13966,HBLPOWER-EQ,HBLPOWER
1515,INDIACEM-EQ,INDIACEM
3506,TITAN-EQ,TITAN
11671,PRESSMN-EQ,PRESSMN
13510,AKASH-EQ,AKASH
9158,BALAJITELE-EQ,BALAJITELE
1675,ITI-EQ,ITI
13197,GSPL-EQ,GSPL
3466,TFCILTD-EQ,TFCILTD
10515,UTISENSETF-EQ,UTISENSETF
19111,NBIFIN-EQ,NBIFIN
20642,JINDWORLD-EQ,JINDWORLD
22255,NDRAUTO-EQ,NDRAUTO
7506,WOCKPHARMA-EQ,WOCKPHARMA
235,AAKASH-EQ,AAKASH
2463,MIDHANI-EQ,MIDHANI
12026,RENUKA-EQ,RENUKA
19877,RADIOCITY-EQ,RADIOCITY
15179,ECLERX-EQ,ECLERX
6066,ATGL-EQ,ATGL
2176,AKG-EQ,AKG
28913,ROSSELLIND-EQ,ROSSELLIND
16908,TOUCHWOOD-EQ,TOUCHWOOD
11817,MANGALAM-EQ,MANGALAM
21469,OPTIEMUS-EQ,OPTIEMUS
9014,ANUP-EQ,ANUP
11149,SHRENIK-EQ,SHRENIK
715,CLNINDIA-EQ,CLNINDIA
2627,KOTAKIT-EQ,KOTAKIT
11446,SPICEJET-EQ,SPICEJET
9581,METROPOLIS-EQ,METROPOLIS
24781,BSLNIFTY-EQ,BSLNIFTY
2319,NCC-EQ,NCC
12022,AURIONPRO-EQ,AURIONPRO
15189,BGRENERGY-EQ,BGRENERGY
5831,SINTEX-EQ,SINTEX
1336,HEG-EQ,HEG
3821,ZODIACLOTH-EQ,ZODIACLOTH
1482,IFBAGRO-EQ,IFBAGRO
3345,SUNDRMFAST-EQ,SUNDRMFAST
19525,IITL-EQ,IITL
2028,LYKALABS-EQ,LYKALABS
2328,CPSEETF-EQ,CPSEETF
10999,MARUTI-EQ,MARUTI
395,BEML-EQ,BEML
13192,ENIL-EQ,ENIL
14982,CENTUM-EQ,CENTUM
5610,ASTRAZEN-EQ,ASTRAZEN
28899,KITEX-EQ,KITEX
739,COROMANDEL-EQ,COROMANDEL
6961,MENONBE-EQ,MENONBE
489,ICEMAKE-EQ,ICEMAKE
3748,WEIZMANIND-EQ,WEIZMANIND
11423,DATAMATICS-EQ,DATAMATICS
11262,IGL-EQ,IGL
10473,POWERMECH-EQ,POWERMECH
25482,TIJARIA-EQ,TIJARIA
1879,ACRYSIL-EQ,ACRYSIL
3963,GOCLCORP-EQ,GOCLCORP
3324,SUBROS-EQ,SUBROS
25574,SHAKTIPUMP-EQ,SHAKTIPUMP
3744,FINEORG-EQ,FINEORG
10753,UNIONBANK-EQ,UNIONBANK
13528,GMRINFRA-EQ,GMRINFRA
1372,HINDCOMPOS-EQ,HINDCOMPOS
9939,ONEPOINT-EQ,ONEPOINT
3247,NITIRAJ-EQ,NITIRAJ
22423,TOTAL-EQ,TOTAL
1008,FACT-EQ,FACT
2306,BESTAGRO-EQ,BESTAGRO
13376,UTTAMSUGAR-EQ,UTTAMSUGAR
928,ELECTCAST-EQ,ELECTCAST
20760,RPPINFRA-EQ,RPPINFRA
16669,BAJAJ-AUTO-EQ,BAJAJ-AUTO
2454,CENTRUM-EQ,CENTRUM
2829,ANURAS-EQ,ANURAS
7553,NRBBEARING-EQ,NRBBEARING
13751,NAUKRI-EQ,NAUKRI
11961,REVATHI-EQ,REVATHI
547,BRITANNIA-EQ,BRITANNIA
21423,M100-EQ,M100
24538,MAITHANALL-EQ,MAITHANALL
19679,ICICIGOLD-EQ,ICICIGOLD
18252,SPAL-EQ,SPAL
1927,LIQUIDETF-EQ,LIQUIDETF
6600,GENUSPAPER-EQ,GENUSPAPER
17833,AHLUCONT-EQ,AHLUCONT
20296,GAL-EQ,GAL
21252,AXISNIFTY-EQ,AXISNIFTY
3827,ZUARIGLOB-EQ,ZUARIGLOB
275,AUROPHARMA-EQ,AUROPHARMA
16900,DPWIRES-EQ,DPWIRES
11896,GEOJITFSL-EQ,GEOJITFSL
14418,ASTRAL-EQ,ASTRAL
1565,RVHL-EQ,RVHL
5926,INTELLECT-EQ,INTELLECT
2708,PRAKASH-EQ,PRAKASH
385,MAHLOG-EQ,MAHLOG
12009,IMPAL-EQ,IMPAL
18049,MINDTECK-EQ,MINDTECK
3880,SOMANYCERA-EQ,SOMANYCERA
4391,GULFOILLUB-EQ,GULFOILLUB
14535,GOLDSHARE-EQ,GOLDSHARE
14490,NCLIND-EQ,NCLIND
13451,RATNAMANI-EQ,RATNAMANI
24184,PIIND-EQ,PIIND
3892,HATSUN-EQ,HATSUN
17764,REFEX-EQ,REFEX
13175,NITINSPIN-EQ,NITINSPIN
19233,AARTISURF-EQ,AARTISURF
14309,INDIANB-EQ,INDIANB
21131,TEJASNET-EQ,TEJASNET
4430,JMCPROJECT-EQ,JMCPROJECT
16222,EBBETF0423-EQ,EBBETF0423
2841,LXCHEM-EQ,LXCHEM
3980,TNPL-EQ,TNPL
11852,SURYALAXMI-EQ,SURYALAXMI
13821,RUCHIRA-EQ,RUCHIRA
9348,IOB-EQ,IOB
3918,NATCOPHARM-EQ,NATCOPHARM
1053,UFLEX-EQ,UFLEX
20419,ANDHRACEMT-EQ,ANDHRACEMT
22739,N100-EQ,N100
11343,AFFLE-EQ,AFFLE
17801,LSIL-EQ,LSIL
17541,DAMODARIND-EQ,DAMODARIND
3126,SHREYANIND-EQ,SHREYANIND
19543,HDFCMFGETF-EQ,HDFCMFGETF
3435,AGCNET-EQ,AGCNET
16959,ALKALI-EQ,ALKALI
17927,BAYERCROP-EQ,BAYERCROP
14908,KDDL-EQ,KDDL
1979,LAXMIMACH-EQ,LAXMIMACH
7401,RAJESHEXPO-EQ,RAJESHEXPO
4503,MPHASIS-EQ,MPHASIS
4221,VISAKAIND-EQ,VISAKAIND
422,BHARATFORG-EQ,BHARATFORG
11840,NH-EQ,NH
29962,JUSTDIAL-EQ,JUSTDIAL
13111,ORIENTABRA-EQ,ORIENTABRA
1415,GLOBAL-EQ,GLOBAL
2988,SANDESH-EQ,SANDESH
27095,SWANENERGY-EQ,SWANENERGY
12124,DOLAT-EQ,DOLAT
22277,WORTH-EQ,WORTH
17586,BIRLATYRE-EQ,BIRLATYRE
163,APOLLOTYRE-EQ,APOLLOTYRE
2018,LUMAXIND-EQ,LUMAXIND
13816,DAAWAT-EQ,DAAWAT
6364,NATIONALUM-EQ,NATIONALUM
14952,INDOWIND-EQ,INDOWIND
6951,LINCPEN-EQ,LINCPEN
17933,BEARDSELL-EQ,BEARDSELL
2435,NETFCONSUM-EQ,NETFCONSUM
513,BOMDYEING-EQ,BOMDYEING
27107,SPECIALITY-EQ,SPECIALITY
495,BLUEDART-EQ,BLUEDART
11233,SUVEN-EQ,SUVEN
16986,COUNCODOS-EQ,COUNCODOS
1145,GIPCL-EQ,GIPCL
708,SHRADHA-EQ,SHRADHA
17094,CROMPTON-EQ,CROMPTON
8506,NETFMID150-EQ,NETFMID150
13421,EMKAY-EQ,EMKAY
13404,SUNTV-EQ,SUNTV
20160,CANTABIL-EQ,CANTABIL
16745,RBL-EQ,RBL
25358,PGEL-EQ,PGEL
2783,JUBLINGREA-EQ,JUBLINGREA
2181,BOSCHLTD-EQ,BOSCHLTD
1797,AWHCL-EQ,AWHCL
10176,SETFNIF50-EQ,SETFNIF50
910,EICHERMOT-EQ,EICHERMOT
2912,RIIL-EQ,RIIL
3761,RITES-EQ,RITES
24870,INVENTURE-EQ,INVENTURE
15124,KOLTEPATIL-EQ,KOLTEPATIL
3048,SCI-EQ,SCI
14245,TVSSRICHAK-EQ,TVSSRICHAK
20302,PRESTIGE-EQ,PRESTIGE
1348,HEROMOTOCO-EQ,HEROMOTOCO
2388,NELCO-EQ,NELCO
10188,SHYAMCENT-EQ,SHYAMCENT
15044,DELTACORP-EQ,DELTACORP
21683,BRNL-EQ,BRNL
13839,DONEAR-EQ,DONEAR
17295,NAGAFERT-EQ,NAGAFERT
5142,CIGNITITEC-EQ,CIGNITITEC
13147,PVR-EQ,PVR
2794,RSWM-EQ,RSWM
15883,SHIL-EQ,SHIL
2969,SAKHTISUG-EQ,SAKHTISUG
11703,ALKEM-EQ,ALKEM
25088,ASAHISONG-EQ,ASAHISONG
1708,JAYBARMARU-EQ,JAYBARMARU
24190,SYMPHONY-EQ,SYMPHONY
14537,DISHTV-EQ,DISHTV
14480,GOKULAGRO-EQ,GOKULAGRO
19234,LAURUSLABS-EQ,LAURUSLABS
1964,TRENT-EQ,TRENT
11662,BCP-EQ,BCP
14858,KOTAKGOLD-EQ,KOTAKGOLD
14592,FORTIS-EQ,FORTIS
11543,COFORGE-EQ,COFORGE
3834,BHARATRAS-EQ,BHARATRAS
4870,INDSWFTLAB-EQ,INDSWFTLAB
9590,POLYCAB-EQ,POLYCAB
958,ESCORTS-EQ,ESCORTS
527,UTIAMC-EQ,UTIAMC
3906,CAPLIPOINT-EQ,CAPLIPOINT
3965,REMSONSIND-EQ,REMSONSIND
11677,INDOCO-EQ,INDOCO
1922,KOTAKBANK-EQ,KOTAKBANK
4037,AUSOMENT-EQ,AUSOMENT
15229,LICNFNHGP-EQ,LICNFNHGP
30038,FCONSUMER-EQ,FCONSUMER
2535,PGHH-EQ,PGHH
4775,DCMFINSERV-EQ,DCMFINSERV
14466,KIRLFER-EQ,KIRLFER
4067,MARICO-EQ,MARICO
24948,L&TFH-EQ,L&TFH
22433,HBANKETF-EQ,HBANKETF
11351,PETRONET-EQ,PETRONET
14043,SARLAPOLY-EQ,SARLAPOLY
477,BIRLACABLE-EQ,BIRLACABLE
18378,FRETAIL-EQ,FRETAIL
6908,VISHNU-EQ,VISHNU
13786,TORNTPOWER-EQ,TORNTPOWER
15362,VGUARD-EQ,VGUARD
8954,TTML-EQ,TTML
184,TCPLPACK-EQ,TCPLPACK
2918,ROLTA-EQ,ROLTA
17922,GEEKAYWIRE-EQ,GEEKAYWIRE
20086,CAREERP-EQ,CAREERP
14707,TIMETECHNO-EQ,TIMETECHNO
1570,GMMPFAUDLR-EQ,GMMPFAUDLR
21690,DIXON-EQ,DIXON
17514,SETCO-EQ,SETCO
335,BALKRISIND-EQ,BALKRISIND
14557,AROGRANITE-EQ,AROGRANITE
1406,HINDPETRO-EQ,HINDPETRO
14101,PTL-EQ,PTL
11387,UMANGDAIRY-EQ,UMANGDAIRY
15377,PDMJEPAPER-EQ,PDMJEPAPER
17770,GROBTEA-EQ,GROBTEA
18118,THANGAMAYL-EQ,THANGAMAYL
15083,ADANIPORTS-EQ,ADANIPORTS
14470,JMTAUTOLTD-EQ,JMTAUTOLTD
30752,FLFL-EQ,FLFL
21704,DCAL-EQ,DCAL
6711,IVC-EQ,IVC
1681,IVP-EQ,IVP
4127,SAMBHAAV-EQ,SAMBHAAV
24999,YAARII-EQ,YAARII
7851,RAMCOSYS-EQ,RAMCOSYS
4136,BIOFILCHEM-EQ,BIOFILCHEM
11773,VISHAL-EQ,VISHAL
7053,ACCELYA-EQ,ACCELYA
13875,JINDRILL-EQ,JINDRILL
17069,UJJIVAN-EQ,UJJIVAN
11880,JSWHL-EQ,JSWHL
11705,XCHANGING-EQ,XCHANGING
9552,RVNL-EQ,RVNL
1497,SHIVAMILLS-EQ,SHIVAMILLS
2809,RAJSREESUG-EQ,RAJSREESUG
29113,CARERATING-EQ,CARERATING
25634,ESSARSHPNG-EQ,ESSARSHPNG
3718,VOLTAS-EQ,VOLTAS
11927,NECLIFE-EQ,NECLIFE
3721,TATACOMM-EQ,TATACOMM
16913,ARTEMISMED-EQ,ARTEMISMED
31138,COMPUSOFT-EQ,COMPUSOFT
17270,ASPINWALL-EQ,ASPINWALL
7852,INOXWIND-EQ,INOXWIND
8998,MRO-TEK-EQ,MRO-TEK
11355,PTC-EQ,PTC
10794,CANBK-EQ,CANBK
13400,BHAGERIA-EQ,BHAGERIA
2720,PREMIER-EQ,PREMIER
11195,INDIGO-EQ,INDIGO
15049,ENERGYDEV-EQ,ENERGYDEV
13061,IIFLWAM-EQ,IIFLWAM
3546,TTKPRESTIG-EQ,TTKPRESTIG
3824,ZODJRDMKJ-EQ,ZODJRDMKJ
305,BAJAJHLDNG-EQ,BAJAJHLDNG
14174,IZMO-EQ,IZMO
28906,MAYURUNIQ-EQ,MAYURUNIQ
13900,CREST-EQ,CREST
13761,BBL-EQ,BBL
3837,TOKYOPLAST-EQ,TOKYOPLAST
15259,RPOWER-EQ,RPOWER
15151,MADHAV-EQ,MADHAV
12716,TEAMLEASE-EQ,TEAMLEASE
4529,ICICINXT50-EQ,ICICINXT50
1507,G5-EQ,G5
14813,ADSL-EQ,ADSL
4843,SNOWMAN-EQ,SNOWMAN
11006,LIQUIDBEES-EQ,LIQUIDBEES
9309,STLTECH-EQ,STLTECH
15360,NAHARCAP-EQ,NAHARCAP
2004,AHLADA-EQ,AHLADA
15414,TWL-EQ,TWL
18086,DBL-EQ,DBL
29124,PCJEWELLER-EQ,PCJEWELLER
11915,YESBANK-EQ,YESBANK
19299,ITDC-EQ,ITDC
21275,SUMMITSEC-EQ,SUMMITSEC
4898,FDC-EQ,FDC
3127,BARBEQUE-EQ,BARBEQUE
30089,ORIENTCEM-EQ,ORIENTCEM
842,DHFL-EQ,DHFL
13536,VIDHIING-EQ,VIDHIING
5851,KOTAKBKETF-EQ,KOTAKBKETF
11140,SUMIT-EQ,SUMIT
11480,KRIDHANINF-EQ,KRIDHANINF
13565,RAMANEWS-EQ,RAMANEWS
13643,ELECON-EQ,ELECON
2307,MUNJALSHOW-EQ,MUNJALSHOW
29135,INDUSTOWER-EQ,INDUSTOWER
9874,GOLDTECH-EQ,GOLDTECH
11439,BANKBEES-EQ,BANKBEES
17881,DBCORP-EQ,DBCORP
17987,TRF-EQ,TRF
25492,ONELIFECAP-EQ,ONELIFECAP
25190,TECHIN-EQ,TECHIN
27303,SEPOWER-EQ,SEPOWER
11580,WESTLIFE-EQ,WESTLIFE
9007,NOVARTIND-EQ,NOVARTIND
19531,BAJAJCON-EQ,BAJAJCON
20621,PENIND-EQ,PENIND
2844,RANEHOLDIN-EQ,RANEHOLDIN
4055,PANACEABIO-EQ,PANACEABIO
15355,RECLTD-EQ,RECLTD
16657,ANIKINDS-EQ,ANIKINDS
13441,BALPHARMA-EQ,BALPHARMA
29877,VIVIDHA-EQ,VIVIDHA
2514,OSWALAGRO-EQ,OSWALAGRO
25512,FLEXITUFF-EQ,FLEXITUFF
916,EIDPARRY-EQ,EIDPARRY
11596,LINCOLN-EQ,LINCOLN
14602,WEBELSOLAR-EQ,WEBELSOLAR
4306,SRTRANSFIN-EQ,SRTRANSFIN
5633,J&KBANK-EQ,J&KBANK
14937,MAHINDCIE-EQ,MAHINDCIE
17903,ABBOTINDIA-EQ,ABBOTINDIA
399,NIACL-EQ,NIACL
8771,MEP-EQ,MEP
2799,CHEMFAB-EQ,CHEMFAB
1756,JINDALPOLY-EQ,JINDALPOLY
1185,AMBER-EQ,AMBER
27297,RTNINDIA-EQ,RTNINDIA
17,SCAPDVR-EQ,SCAPDVR
16045,PRINCEPIPE-EQ,PRINCEPIPE
10939,JUNIORBEES-EQ,JUNIORBEES
7672,IMAGICAA-EQ,IMAGICAA
18992,PIONDIST-EQ,PIONDIST
20242,OBEROIRLTY-EQ,OBEROIRLTY
14894,CENTRALBK-EQ,CENTRALBK
1156,GLFL-EQ,GLFL
10940,DIVISLAB-EQ,DIVISLAB
634,IGARASHI-EQ,IGARASHI
16713,UBL-EQ,UBL
9111,ARVINDFASN-EQ,ARVINDFASN
9039,UFO-EQ,UFO
21399,GANGESSECU-EQ,GANGESSECU
13796,MANALIPETC-EQ,MANALIPETC
3291,STARPAPER-EQ,STARPAPER
14445,NAHARPOLY-EQ,NAHARPOLY
9428,SKIPPER-EQ,SKIPPER
13367,SGL-EQ,SGL
11731,CONSOFINVT-EQ,CONSOFINVT
4668,BANKBARODA-EQ,BANKBARODA
18124,DBREALTY-EQ,DBREALTY
330,VALIANTORG-EQ,VALIANTORG
1328,MARINE-EQ,MARINE
13791,PARSVNATH-EQ,PARSVNATH
18214,TEXMOPIPES-EQ,TEXMOPIPES
6125,GOODLUCK-EQ,GOODLUCK
16795,ARCHIDPLY-EQ,ARCHIDPLY
15136,KAUSHALYA-EQ,KAUSHALYA
24265,ESTER-EQ,ESTER
16863,LPDC-EQ,LPDC
21077,SURANASOL-EQ,SURANASOL
3021,SOTL-EQ,SOTL
14687,GOACARBON-EQ,GOACARBON
15228,UJJIVANSFB-EQ,UJJIVANSFB
15174,TRIL-EQ,TRIL
31258,NDL-EQ,NDL
2854,CRAFTSMAN-EQ,CRAFTSMAN
24969,WINDMACHIN-EQ,WINDMACHIN
1491,IFCI-EQ,IFCI
2739,PRSMJOHNSN-EQ,PRSMJOHNSN
7936,AVANTIFEED-EQ,AVANTIFEED
1186,GLAND-EQ,GLAND
993,EVERESTIND-EQ,EVERESTIND
8736,PNBGILTS-EQ,PNBGILTS
20936,KIRLOSENG-EQ,KIRLOSENG
2885,RELIANCE-EQ,RELIANCE
16921,20MICRONS-EQ,20MICRONS
14278,ORIENTBELL-EQ,ORIENTBELL
1576,GILLETTE-EQ,GILLETTE
255,NIRAJ-EQ,NIRAJ
11884,MANINDS-EQ,MANINDS
20534,GRAVITA-EQ,GRAVITA
25640,IDBIGOLD-EQ,IDBIGOLD
13756,SHIVAMAUTO-EQ,SHIVAMAUTO
17728,ASTEC-EQ,ASTEC
10786,NOIDATOLL-EQ,NOIDATOLL
13725,DCBBANK-EQ,DCBBANK
21726,MATRIMONY-EQ,MATRIMONY
11058,SECURKLOUD-EQ,SECURKLOUD
4299,STERTOOLS-EQ,STERTOOLS
9356,MSTCLTD-EQ,MSTCLTD
25414,SETUINFRA-EQ,SETUINFRA
25756,VIKASECO-EQ,VIKASECO
10159,ORICONENT-EQ,ORICONENT
16705,GOKUL-EQ,GOKUL
17105,SUMICHEM-EQ,SUMICHEM
14218,CTE-EQ,CTE
4,21STCENMGM-EQ,21STCENMGM
2717,PRECWIRE-EQ,PRECWIRE
19800,WELINV-EQ,WELINV
24231,OMINFRAL-EQ,OMINFRAL
14334,HSCL-EQ,HSCL
2687,POLYPLEX-EQ,POLYPLEX
11739,SHRIRAMCIT-EQ,SHRIRAMCIT
13221,INOXLEISUR-EQ,INOXLEISUR
11460,JPASSOCIAT-EQ,JPASSOCIAT
4992,SHARDACROP-EQ,SHARDACROP
3045,SBIN-EQ,SBIN
471,BINDALAGRO-EQ,BINDALAGRO
4410,JAGSNPHARM-EQ,JAGSNPHARM
4279,DENORA-EQ,DENORA
5900,AXISBANK-EQ,AXISBANK
15184,BRIGADE-EQ,BRIGADE
3066,SESHAPAPER-EQ,SESHAPAPER
28952,DUCON-EQ,DUCON
15119,EDELWEISS-EQ,EDELWEISS
17062,PALREDTEC-EQ,PALREDTEC
11654,LALPATHLAB-EQ,LALPATHLAB
757,CRISIL-EQ,CRISIL
16819,QNIFTY-EQ,QNIFTY
1327,HCL-INSYS-EQ,HCL-INSYS
11039,DCMNVL-EQ,DCMNVL
18244,DEEPENR-EQ,DEEPENR
24225,RELAXO-EQ,RELAXO
18202,ARSSINFRA-EQ,ARSSINFRA
11809,IIFL-EQ,IIFL
2073,VTL-EQ,VTL
7109,JMA-EQ,JMA
3357,SUPERSPIN-EQ,SUPERSPIN
13116,QUICKHEAL-EQ,QUICKHEAL
2998,SUVIDHAA-EQ,SUVIDHAA
14932,ISMTLTD-EQ,ISMTLTD
181,ARENTERP-EQ,ARENTERP
4394,MIRZAINT-EQ,MIRZAINT
21713,LASA-EQ,LASA
19438,AHLEAST-EQ,AHLEAST
1455,HIL-EQ,HIL
3766,WHEELS-EQ,WHEELS
703,DICIND-EQ,DICIND
29008,SUNCLAYLTD-EQ,SUNCLAYLTD
2595,3PLAND-EQ,3PLAND
14597,ALPHAGEO-EQ,ALPHAGEO
1597,INGERRAND-EQ,INGERRAND
955,ESABINDIA-EQ,ESABINDIA
11983,SASKEN-EQ,SASKEN
4594,KOTHARIPET-EQ,KOTHARIPET
13648,TALBROAUTO-EQ,TALBROAUTO
583,CANFINHOME-EQ,CANFINHOME
28877,MORARJEE-EQ,MORARJEE
1424,HINDZINC-EQ,HINDZINC
15209,PPAP-EQ,PPAP
2259,MOREPENLAB-EQ,MOREPENLAB
19126,KIOCL-EQ,KIOCL
438,BHEL-EQ,BHEL
4838,ICICILIQ-EQ,ICICILIQ
1204,PRAXIS-EQ,PRAXIS
3499,TATASTEEL-EQ,TATASTEEL
21484,STEL-EQ,STEL
19292,TERASOFT-EQ,TERASOFT
14260,PGIL-EQ,PGIL
742,COSMOFILMS-EQ,COSMOFILMS
17022,MAWANASUG-EQ,MAWANASUG
11411,RKFORGE-EQ,RKFORGE
20323,RESPONIND-EQ,RESPONIND
14552,PHOENIXLTD-EQ,PHOENIXLTD
1835,KANORICHEM-EQ,KANORICHEM
17547,AMRUTANJAN-EQ,AMRUTANJAN
17507,ADHUNIKIND-EQ,ADHUNIKIND
324,ANGELBRKG-EQ,ANGELBRKG
13463,PIONEEREMB-EQ,PIONEEREMB
18562,MITTAL-EQ,MITTAL
15234,AMBIKCO-EQ,AMBIKCO
14501,BALAMINES-EQ,BALAMINES
17395,SETF10GILT-EQ,SETF10GILT
20532,AXISGOLD-EQ,AXISGOLD
23452,TCIDEVELOP-EQ,TCIDEVELOP
29598,REPCOHOME-EQ,REPCOHOME
14843,VIPCLOTHNG-EQ,VIPCLOTHNG
3411,TATAELXSI-EQ,TATAELXSI
21154,ERIS-EQ,ERIS
619,CENTENKA-EQ,CENTENKA
17821,ARSHIYA-EQ,ARSHIYA
1142,GINNIFILA-EQ,GINNIFILA
2970,SURYODAY-EQ,SURYODAY
2263,BANDHANBNK-EQ,BANDHANBNK
11892,VHL-EQ,VHL
9576,MAHESHWARI-EQ,MAHESHWARI
18391,RBLBANK-EQ,RBLBANK
18142,EMMBI-EQ,EMMBI
18365,PERSISTENT-EQ,PERSISTENT
11606,GUFICBIO-EQ,GUFICBIO
17424,GLOBUSSPR-EQ,GLOBUSSPR
13859,VENUSREM-EQ,VENUSREM
981,EPL-EQ,EPL
641,DNAMEDIA-EQ,DNAMEDIA
13987,ABSLBANETF-EQ,ABSLBANETF
21828,TEXRAIL-EQ,TEXRAIL
6353,MAN50ETF-EQ,MAN50ETF
19142,UMESLTD-EQ,UMESLTD
11987,ICIL-EQ,ICIL
11536,TCS-EQ,TCS
3724,VSTIND-EQ,VSTIND
4892,SAREGAMA-EQ,SAREGAMA
2316,HEIDELBERG-EQ,HEIDELBERG
10300,RAMASTEEL-EQ,RAMASTEEL
9937,IBMFNIFTY-EQ,IBMFNIFTY
23804,BSLGOLDETF-EQ,BSLGOLDETF
940,PGHL-EQ,PGHL
2202,MIRCELECTR-EQ,MIRCELECTR
2031,M&M-EQ,M&M
822,BANKA-EQ,BANKA
13517,EMAMILTD-EQ,EMAMILTD
7413,MANAKCOAT-EQ,MANAKCOAT
14942,NAGREEKCAP-EQ,NAGREEKCAP
13101,VIMTALABS-EQ,VIMTALABS
24196,VADILALIND-EQ,VADILALIND
4598,HERITGFOOD-EQ,HERITGFOOD
2421,NILKAMAL-EQ,NILKAMAL
11271,DREDGECORP-EQ,DREDGECORP
9385,PNCINFRA-EQ,PNCINFRA
4344,PUNJABCHEM-EQ,PUNJABCHEM
11275,TVTODAY-EQ,TVTODAY
7353,SETFNN50-EQ,SETFNN50
9354,TAJGVK-EQ,TAJGVK
18039,ADVENZYMES-EQ,ADVENZYMES
3252,SPIC-EQ,SPIC
2350,NURECA-EQ,NURECA
16852,EQUITAS-EQ,EQUITAS
13162,CELEBRITY-EQ,CELEBRITY
15129,RGL-EQ,RGL
1663,ATFL-EQ,ATFL
1196,KANSAINER-EQ,KANSAINER
3637,JUBLPHARMA-EQ,JUBLPHARMA
13585,ATLANTA-EQ,ATLANTA
14972,KSCL-EQ,KSCL
157,APOLLOHOSP-EQ,APOLLOHOSP
236,ASIANPAINT-EQ,ASIANPAINT
22415,LOVABLE-EQ,LOVABLE
14677,GUJAPOLLO-EQ,GUJAPOLLO
6596,SONATSOFTW-EQ,SONATSOFTW
15017,MAANALU-EQ,MAANALU
2183,SUNDARMHLD-EQ,SUNDARMHLD
10577,KRBL-EQ,KRBL
220,IEX-EQ,IEX
4176,ZENITHEXPO-EQ,ZENITHEXPO
29577,NETFNIF100-EQ,NETFNIF100
1826,KAMATHOTEL-EQ,KAMATHOTEL
676,EXIDEIND-EQ,EXIDEIND
2107,STOVEKRAFT-EQ,STOVEKRAFT
17704,QUESS-EQ,QUESS
20453,APCL-EQ,APCL
20776,BHAGYANGR-EQ,BHAGYANGR
20110,GREENPOWER-EQ,GREENPOWER
128,ROUTE-EQ,ROUTE
10637,OLECTRA-EQ,OLECTRA
522,ICICIB22-EQ,ICICIB22
15266,JKIL-EQ,JKIL
14889,ASIANTILES-EQ,ASIANTILES
2716,BUTTERFLY-EQ,BUTTERFLY
14003,ZEEMEDIA-EQ,ZEEMEDIA
896,KHAICHEM-EQ,KHAICHEM
8825,PRIVISCL-EQ,PRIVISCL
744,FSC-EQ,FSC
4421,CREDITACC-EQ,CREDITACC
20374,COALINDIA-EQ,COALINDIA
578,LIKHITHA-EQ,LIKHITHA
16927,JOCIL-EQ,JOCIL
14567,BFUTILITIE-EQ,BFUTILITIE
559,BSL-EQ,BSL
8119,RPSGVENT-EQ,RPSGVENT
2442,NOCIL-EQ,NOCIL
11319,LICNETFN50-EQ,LICNETFN50
13035,SAFARI-EQ,SAFARI
14116,GANDHITUBE-EQ,GANDHITUBE
18220,KECL-EQ,KECL
100,AMARAJABAT-EQ,AMARAJABAT
20778,JAMNAAUTO-EQ,JAMNAAUTO
18321,LGBBROSLTD-EQ,LGBBROSLTD
13522,NECCLTD-EQ,NECCLTD
13982,JASH-EQ,JASH
2643,PFIZER-EQ,PFIZER
25897,MINDACORP-EQ,MINDACORP
30012,CEREBRAINT-EQ,CEREBRAINT
10768,OAL-EQ,OAL
804,SHIVATEX-EQ,SHIVATEX
4064,CUBEXTUB-EQ,CUBEXTUB
592,GRAPHITE-EQ,GRAPHITE
15068,RELIGARE-EQ,RELIGARE
31475,ORBTEXP-EQ,ORBTEXP
5622,ITDCEM-EQ,ITDCEM
4244,HDFCAMC-EQ,HDFCAMC
359,ROML-EQ,ROML
29050,ZUARI-EQ,ZUARI
1594,INFY-EQ,INFY
10,ABAN-EQ,ABAN
5204,GMDCLTD-EQ,GMDCLTD
3579,UNICHEMLAB-EQ,UNICHEMLAB
14086,IGPL-EQ,IGPL
1333,HDFCBANK-EQ,HDFCBANK
13745,GTLINFRA-EQ,GTLINFRA
11573,FORCEMOT-EQ,FORCEMOT
14106,AUTOIND-EQ,AUTOIND
14947,MOTILALOFS-EQ,MOTILALOFS
14957,MAGNUM-EQ,MAGNUM
7339,ABSLNN50ET-EQ,ABSLNN50ET
1480,REPL-EQ,REPL
11626,WELENT-EQ,WELENT
1805,KABRAEXTRU-EQ,KABRAEXTRU
15288,HERCULES-EQ,HERCULES
11082,LIBAS-EQ,LIBAS
2124,MASTEK-EQ,MASTEK
14356,MINDTREE-EQ,MINDTREE
10074,EMAMIPAP-EQ,EMAMIPAP
19931,ORISSAMINE-EQ,ORISSAMINE
11080,GFSTEELS-EQ,GFSTEELS
13998,SITINET-EQ,SITINET
4771,TCIFINANCE-EQ,TCIFINANCE
15034,BAJAJELEC-EQ,BAJAJELEC
15337,RAIN-EQ,RAIN
19133,CMICABLES-EQ,CMICABLES
3351,SUNPHARMA-EQ,SUNPHARMA
11957,IDFC-EQ,IDFC
1360,HIMATSEIDE-EQ,HIMATSEIDE
7374,STAR-EQ,STAR
2144,BDL-EQ,BDL
11359,DHANBANK-EQ,DHANBANK
21406,AVADHSUGAR-EQ,AVADHSUGAR
16996,GISOLUTION-EQ,GISOLUTION
16123,BHARATWIRE-EQ,BHARATWIRE
201,UNIDT-EQ,UNIDT
19073,AARVI-EQ,AARVI
1270,AMBUJACEM-EQ,AMBUJACEM
4732,SKMEGGPROD-EQ,SKMEGGPROD
9867,NEXTMEDIA-EQ,NEXTMEDIA
1073,FOSECOIND-EQ,FOSECOIND
12173,HNDFDS-EQ,HNDFDS
5528,KOTHARIPRO-EQ,KOTHARIPRO
10925,GODREJIND-EQ,GODREJIND
14296,SEQUENT-EQ,SEQUENT
18659,MARATHON-EQ,MARATHON
3389,AGARIND-EQ,AGARIND
13810,GREENPANEL-EQ,GREENPANEL
1467,AKZOINDIA-EQ,AKZOINDIA
25536,UJAAS-EQ,UJAAS
2188,GENCON-EQ,GENCON
13236,SADBHAV-EQ,SADBHAV
1530,INDIANHUME-EQ,INDIANHUME
13693,INFOMEDIA-EQ,INFOMEDIA
17029,RUCHI-EQ,RUCHI
12231,OCCL-EQ,OCCL
17752,SHILPAMED-EQ,SHILPAMED
17307,AJMERA-EQ,AJMERA
8652,VETO-EQ,VETO
20321,SHANKARA-EQ,SHANKARA
13211,JAGRAN-EQ,JAGRAN
5068,SHEMAROO-EQ,SHEMAROO
16821,VINYLINDIA-EQ,VINYLINDIA
19556,BHANDARI-EQ,BHANDARI
20852,ZEELEARN-EQ,ZEELEARN
4963,ICICIBANK-EQ,ICICIBANK
19025,KIRLOSIND-EQ,KIRLOSIND
4525,DYNAMATECH-EQ,DYNAMATECH
17957,MMTC-EQ,MMTC
21957,INDTERRAIN-EQ,INDTERRAIN
2313,MURUDCERA-EQ,MURUDCERA
17685,GPTINFRA-EQ,GPTINFRA
11798,ALLSEC-EQ,ALLSEC
104,SHAREINDIA-EQ,SHAREINDIA
31415,NBCC-EQ,NBCC
1190,FMGOETZE-EQ,FMGOETZE
10599,GUJGASLTD-EQ,GUJGASLTD
15194,BURNPUR-EQ,BURNPUR
15146,JYOTHYLAB-EQ,JYOTHYLAB
15330,QGOLDHALF-EQ,QGOLDHALF
14223,TIIL-EQ,TIIL
8132,BLBLIMITED-EQ,BLBLIMITED
12034,BASML-EQ,BASML
4422,INDIANCARD-EQ,INDIANCARD
21017,FMNL-EQ,FMNL
7406,GLENMARK-EQ,GLENMARK
8341,CALSOFT-EQ,CALSOFT
9384,CREATIVEYE-EQ,CREATIVEYE
21238,AUBANK-EQ,AUBANK
19322,HISARMETAL-EQ,HISARMETAL
16249,INFIBEAM-EQ,INFIBEAM
22233,DHUNINV-EQ,DHUNINV
20178,AKSHARCHEM-EQ,AKSHARCHEM
21195,GTPL-EQ,GTPL
1127,GHCL-EQ,GHCL
4157,KEYFINSERV-EQ,KEYFINSERV
509,MAZDOCK-EQ,MAZDOCK
15278,ONMOBILE-EQ,ONMOBILE
11943,MCLEODRUSS-EQ,MCLEODRUSS
13352,MALUPAPER-EQ,MALUPAPER
2636,NETFDIVOPP-EQ,NETFDIVOPP
7862,GEPIL-EQ,GEPIL
17625,MOLDTECH-EQ,MOLDTECH
1232,GRASIM-EQ,GRASIM
10717,TIMESGTY-EQ,TIMESGTY
13941,PRAENG-EQ,PRAENG
29423,MOHITIND-EQ,MOHITIND
22365,ICICITECH-EQ,ICICITECH
13091,EKC-EQ,EKC
3078,SHANTIGEAR-EQ,SHANTIGEAR
1174,GNFC-EQ,GNFC
3799,WSTCSTPAPR-EQ,WSTCSTPAPR
20092,TASTYBITE-EQ,TASTYBITE
10530,SHARDAMOTR-EQ,SHARDAMOTR
1660,ITC-EQ,ITC
6062,LICNETFGSC-EQ,LICNETFGSC
10618,SADBHIN-EQ,SADBHIN
4491,JCHAC-EQ,JCHAC
18679,HPL-EQ,HPL
2475,ONGC-EQ,ONGC
10557,NAVKARCORP-EQ,NAVKARCORP
13270,JKCEMENT-EQ,JKCEMENT
25136,BROOKS-EQ,BROOKS
14966,CSBBANK-EQ,CSBBANK
11876,MERCATOR-EQ,MERCATOR
2837,RANASUG-EQ,RANASUG
12148,VIKASPROP-EQ,VIKASPROP
3363,SUPREMEIND-EQ,SUPREMEIND
14838,DECCANCE-EQ,DECCANCE
2909,RICOAUTO-EQ,RICOAUTO
11212,SHK-EQ,SHK
2705,PRAJIND-EQ,PRAJIND
25684,JISLDVREQS-EQ,JISLDVREQS
11591,HDFCNIFETF-EQ,HDFCNIFETF
19631,PRICOLLTD-EQ,PRICOLLTD
999,EUROTEXIND-EQ,EUROTEXIND
11223,UCOBANK-EQ,UCOBANK
6782,NIPPOBATRY-EQ,NIPPOBATRY
8163,SPENCERS-EQ,SPENCERS
14853,OMAXE-EQ,OMAXE
3672,SOLARA-EQ,SOLARA
2331,JAYNECOIND-EQ,JAYNECOIND
19277,EMAMIREAL-EQ,EMAMIREAL
7218,SBIETFQLTY-EQ,SBIETFQLTY
14366,IDEA-EQ,IDEA
17869,JSWENERGY-EQ,JSWENERGY
11667,DWARKESH-EQ,DWARKESH
11220,VARDHACRLC-EQ,VARDHACRLC
14198,TIMKEN-EQ,TIMKEN
17174,EQ30-EQ,EQ30
16589,VAISHALI-EQ,VAISHALI
5688,ARCHIES-EQ,ARCHIES
18571,GNA-EQ,GNA
4235,WENDT-EQ,WENDT
9647,BSELINFRA-EQ,BSELINFRA
4671,JSWISPL-EQ,JSWISPL
18908,PNBHOUSING-EQ,PNBHOUSING
34,ADORWELD-EQ,ADORWELD
13577,VOLTAMP-EQ,VOLTAMP
2085,MAHSCOOTER-EQ,MAHSCOOTER
2792,EASEMYTRIP-EQ,EASEMYTRIP
10905,GENESYS-EQ,GENESYS
21478,UTINEXT50-EQ,UTINEXT50
13673,ANSALHSG-EQ,ANSALHSG
11045,SATIA-EQ,SATIA
1394,HINDUNILVR-EQ,HINDUNILVR
1247,GSFC-EQ,GSFC
14977,POWERGRID-EQ,POWERGRID
7048,HESTERBIO-EQ,HESTERBIO
11471,EXCELINDUS-EQ,EXCELINDUS
12304,JSLHISAR-EQ,JSLHISAR
18096,JUBLFOOD-EQ,JUBLFOOD
10397,JISLJALEQS-EQ,JISLJALEQS
18883,SJVN-EQ,SJVN
14788,SPARC-EQ,SPARC
13285,M&MFIN-EQ,M&MFIN
2963,SAIL-EQ,SAIL
857,DHAMPURSUG-EQ,DHAMPURSUG
2275,IRISDOREME-EQ,IRISDOREME
11236,JSL-EQ,JSL
17272,SETFGOLD-EQ,SETFGOLD
21001,PSB-EQ,PSB
14912,KPRMILL-EQ,KPRMILL
3417,HONAUT-EQ,HONAUT
3275,TEMBO-EQ,TEMBO
19235,IMFA-EQ,IMFA
18783,IDFNIFTYET-EQ,IDFNIFTYET
3570,UCALFUEL-EQ,UCALFUEL
5143,JAICORPLTD-EQ,JAICORPLTD
2489,ISEC-EQ,ISEC
30125,IBULHSGFIN-EQ,IBULHSGFIN
14413,PAGEIND-EQ,PAGEIND
17632,COMPINFO-EQ,COMPINFO
10243,SYNGENE-EQ,SYNGENE
11065,NATHBIOGEN-EQ,NATHBIOGEN
342,CAMS-EQ,CAMS
1129,KEERTI-EQ,KEERTI
4433,HITECHGEAR-EQ,HITECHGEAR
14485,THEMISMED-EQ,THEMISMED
25178,TDPOWERSYS-EQ,TDPOWERSYS
19223,TCIEXP-EQ,TCIEXP
1085,GABRIEL-EQ,GABRIEL
18962,RAJRATAN-EQ,RAJRATAN
14732,DLF-EQ,DLF
3787,WIPRO-EQ,WIPRO
3002,WONDERLA-EQ,WONDERLA
10738,OFSS-EQ,OFSS
18110,VASCONEQ-EQ,VASCONEQ
14329,SMSPHARMA-EQ,SMSPHARMA
14547,NXTDIGITAL-EQ,NXTDIGITAL
1162,GTL-EQ,GTL
3237,JTEKTINDIA-EQ,JTEKTINDIA
1030,AARON-EQ,AARON
11394,ZOTA-EQ,ZOTA
10588,SHREEPUSHK-EQ,SHREEPUSHK
8687,MUKTAARTS-EQ,MUKTAARTS
11226,BAGFILMS-EQ,BAGFILMS
14423,LAOPALA-EQ,LAOPALA
14014,LUMAXTECH-EQ,LUMAXTECH
10661,PONNIERODE-EQ,PONNIERODE
15347,GSS-EQ,GSS
31163,ORIENTREF-EQ,ORIENTREF
15303,BANG-EQ,BANG
2562,HUHTAMAKI-EQ,HUHTAMAKI
8696,VRLLOG-EQ,VRLLOG
18011,WHIRLPOOL-EQ,WHIRLPOOL
25786,KANANIIND-EQ,KANANIIND
14562,ZENITHSTL-EQ,ZENITHSTL
14922,PURVA-EQ,PURVA
1134,APOLLO-EQ,APOLLO
3426,TATAPOWER-EQ,TATAPOWER
3172,NETFGILT5Y-EQ,NETFGILT5Y
3812,ZEEL-EQ,ZEEL
17357,GKWLIMITED-EQ,GKWLIMITED
15332,NMDC-EQ,NMDC
25468,PAISALO-EQ,PAISALO
11399,SALZERELEC-EQ,SALZERELEC
1214,DELTAMAGNT-EQ,DELTAMAGNT
15555,HCG-EQ,HCG
5258,INDUSINDBK-EQ,INDUSINDBK
3688,VIKASWSP-EQ,VIKASWSP
3475,THERMAX-EQ,THERMAX
8828,GAEL-EQ,GAEL
2664,PIDILITIND-EQ,PIDILITIND
10578,MPSLTD-EQ,MPSLTD
4469,ELECTHERM-EQ,ELECTHERM
13637,JMFINANCIL-EQ,JMFINANCIL
11975,RML-EQ,RML
11253,WELSPUNIND-EQ,WELSPUNIND
17351,SALONA-EQ,SALONA
28859,PROZONINTU-EQ,PROZONINTU
3360,SUPPETRO-EQ,SUPPETRO
18154,HATHWAY-EQ,HATHWAY
22344,ICICIALPLV-EQ,ICICIALPLV
714,SHALBY-EQ,SHALBY
5385,AAVAS-EQ,AAVAS
3646,VARDMNPOLY-EQ,VARDMNPOLY
13592,HOVS-EQ,HOVS
383,BEL-EQ,BEL
2606,LEMONTREE-EQ,LEMONTREE
6216,CAMLINFINE-EQ,CAMLINFINE
17256,ALBERTDAVD-EQ,ALBERTDAVD
15384,DHANI-EQ,DHANI
2268,MOTOGENFIN-EQ,MOTOGENFIN
6051,CYBERTECH-EQ,CYBERTECH
14750,MEGH-EQ,MEGH
781,DALMIASUG-EQ,DALMIASUG
14019,TIDEWATER-EQ,TIDEWATER
14927,SRIPIPES-EQ,SRIPIPES
1168,GMBREW-EQ,GMBREW
2979,ORTINLAB-EQ,ORTINLAB
31181,MCX-EQ,MCX
2868,HITECH-EQ,HITECH
2589,PATSPINLTD-EQ,PATSPINLTD
4587,RAMCOIND-EQ,RAMCOIND
20080,EROSMEDIA-EQ,EROSMEDIA
7446,BKMINDST-EQ,BKMINDST
11287,UPL-EQ,UPL
15342,SHALPAINTS-EQ,SHALPAINTS
2816,RALLIS-EQ,RALLIS
25392,PANAMAPET-EQ,PANAMAPET
20950,RKDL-EQ,RKDL
530,BPL-EQ,BPL
9168,UTISXN50-EQ,UTISXN50
19447,CAPTRUST-EQ,CAPTRUST
11630,NTPC-EQ,NTPC
11373,BIOCON-EQ,BIOCON
25584,TRITURBINE-EQ,TRITURBINE
13620,ANANTRAJ-EQ,ANANTRAJ
17438,OIL-EQ,OIL
20196,BEDMUTHA-EQ,BEDMUTHA
19578,UGARSUGAR-EQ,UGARSUGAR
25023,GAYAPROJ-EQ,GAYAPROJ
154,APCOTEXIND-EQ,APCOTEXIND
13457,KAMDHENU-EQ,KAMDHENU
14440,NAHARSPING-EQ,NAHARSPING
6445,TECHNOE-EQ,TECHNOE
22243,EBBETF0425-EQ,EBBETF0425
1267,GUJALKALI-EQ,GUJALKALI
6368,SICAL-EQ,SICAL
19036,PODDARMENT-EQ,PODDARMENT
3745,WATERBASE-EQ,WATERBASE
4116,HBSL-EQ,HBSL
919,EIHOTEL-EQ,EIHOTEL
5748,CYIENT-EQ,CYIENT
312,TIINDIA-EQ,TIINDIA
19265,BLISSGVS-EQ,BLISSGVS
1338,SDBL-EQ,SDBL
3339,SUNDARMFIN-EQ,SUNDARMFIN
21314,DYNPRO-EQ,DYNPRO
1023,FEDERALBNK-EQ,FEDERALBNK
14511,BANSWRAS-EQ,BANSWRAS
1639,TATASTLLP-EQ,TATASTLLP
16639,KIRIINDUS-EQ,KIRIINDUS
13066,BRFL-EQ,BRFL
1289,GFLLIMITED-EQ,GFLLIMITED
3703,VIPIND-EQ,VIPIND
11618,ASTRAMICRO-EQ,ASTRAMICRO
21501,SIS-EQ,SIS
24403,ASHIANA-EQ,ASHIANA
29430,ANKITMETAL-EQ,ANKITMETAL
937,ELGIEQUIP-EQ,ELGIEQUIP
11581,GULFPETRO-EQ,GULFPETRO
357,NAM-INDIA-EQ,NAM-INDIA
17702,ICICIMCAP-EQ,ICICIMCAP
14657,INSECTICID-EQ,INSECTICID
17397,PREMEXPLN-EQ,PREMEXPLN
18208,ORIENTLTD-EQ,ORIENTLTD
595,CARBORUNIV-EQ,CARBORUNIV
2303,HAL-EQ,HAL
3384,SWARAJENG-EQ,SWARAJENG
722,SBIETFPB-EQ,SBIETFPB
4160,NORBTEAEXP-EQ,NORBTEAEXP
20830,MOIL-EQ,MOIL
20188,WABAG-EQ,WABAG
1593,MGEL-EQ,MGEL
18866,MAZDA-EQ,MAZDA
21113,BFINVEST-EQ,BFINVEST
21508,COCHINSHIP-EQ,COCHINSHIP
16725,RPGLIFE-EQ,RPGLIFE
14058,SANGHVIMOV-EQ,SANGHVIMOV
14771,TARMAT-EQ,TARMAT
11483,LT-EQ,LT
8546,CHALET-EQ,CHALET
1627,LINDEINDIA-EQ,LINDEINDIA
21383,PALASHSECU-EQ,PALASHSECU
3715,VLSFINANCE-EQ,VLSFINANCE
3563,ADANIGREEN-EQ,ADANIGREEN
3676,VESUVIUS-EQ,VESUVIUS
16395,MMP-EQ,MMP
1403,HINDOILEXP-EQ,HINDOILEXP
11293,UNIENTER-EQ,UNIENTER
10604,BHARTIARTL-EQ,BHARTIARTL
12018,SUZLON-EQ,SUZLON
3423,TATAMETALI-EQ,TATAMETALI
13688,GATI-EQ,GATI
193,ARVIND-EQ,ARVIND
19084,NETFIT-EQ,NETFIT
15271,CORDSCABLE-EQ,CORDSCABLE
866,DHARSUGAR-EQ,DHARSUGAR
10114,GBGLOBAL-EQ,GBGLOBAL
1330,HDFC-EQ,HDFC
20182,ASHOKA-EQ,ASHOKA
17971,SBICARD-EQ,SBICARD
10666,PNB-EQ,PNB
13671,MADHUCON-EQ,MADHUCON
724,TATACOFFEE-EQ,TATACOFFEE
4007,CORALFINAC-EQ,CORALFINAC
18581,KIRLOSBROS-EQ,KIRLOSBROS
21362,SALASAR-EQ,SALASAR
17700,NETFLTGILT-EQ,NETFLTGILT
17477,CONTROLPR-EQ,CONTROLPR
29850,GSCLCEMENT-EQ,GSCLCEMENT
25718,POLYMED-EQ,POLYMED
27037,TBZ-EQ,TBZ
17527,MAHASTEEL-EQ,MAHASTEEL
760,CGPOWER-EQ,CGPOWER
10580,TCI-EQ,TCI
3375,SURYAROSNI-EQ,SURYAROSNI
21427,THEINVEST-EQ,THEINVEST
9253,NILAINFRA-EQ,NILAINFRA
17181,MANXT50-EQ,MANXT50
13501,ALLCARGO-EQ,ALLCARGO
2951,S&SPOWER-EQ,S&SPOWER
1465,ACCURACY-EQ,ACCURACY
15419,DPSCLTD-EQ,DPSCLTD
19366,AHLWEST-EQ,AHLWEST
15409,NESCO-EQ,NESCO
2294,MTNL-EQ,MTNL
15389,GAMMNINFRA-EQ,GAMMNINFRA
17939,HINDCOPPER-EQ,HINDCOPPER
10297,PPL-EQ,PPL
15039,CERA-EQ,CERA
10453,SATIN-EQ,SATIN
11496,AMBICAAGAR-EQ,AMBICAAGAR
15199,MANAKSIA-EQ,MANAKSIA
1633,IPCALAB-EQ,IPCALAB
2882,RELCAPITAL-EQ,RELCAPITAL
13750,FLUOROCHEM-EQ,FLUOROCHEM
3493,TINPLATE-EQ,TINPLATE
17263,ARMANFIN-EQ,ARMANFIN
206,ASHIMASYN-EQ,ASHIMASYN
2496,ORIENTPPR-EQ,ORIENTPPR
6286,GULPOLY-EQ,GULPOLY
371,BATAINDIA-EQ,BATAINDIA
17722,DEN-EQ,DEN
13106,NAHARINDUS-EQ,NAHARINDUS
17376,EXCEL-EQ,EXCEL
6994,BSOFT-EQ,BSOFT
11782,EVEREADY-EQ,EVEREADY
1994,LIBERTSHOE-EQ,LIBERTSHOE
11511,CENTEXT-EQ,CENTEXT
4809,KCPSUGIND-EQ,KCPSUGIND
20223,CLEDUCATE-EQ,CLEDUCATE
2709,MTARTECH-EQ,MTARTECH
11872,GRANULES-EQ,GRANULES
22602,PFS-EQ,PFS
874,ASTRON-EQ,ASTRON
2972,ORIENTELEC-EQ,ORIENTELEC
4172,TCNSBRANDS-EQ,TCNSBRANDS
29284,VMART-EQ,VMART
9685,TRIDENT-EQ,TRIDENT
17641,SUNTECK-EQ,SUNTECK
11309,BALAXI-EQ,BALAXI
9847,NETFNV20-EQ,NETFNV20
2385,NAVNETEDUL-EQ,NAVNETEDUL
11655,JBMA-EQ,JBMA
6429,RSSOFTWARE-EQ,RSSOFTWARE
1726,JBCHEPHARM-EQ,JBCHEPHARM
20072,INFRABEES-EQ,INFRABEES
11369,TTKHLTCARE-EQ,TTKHLTCARE
14672,NAVINFLUOR-EQ,NAVINFLUOR
18921,VBL-EQ,VBL
2048,INDIGOPNTS-EQ,INDIGOPNTS
10457,ARVSMART-EQ,ARVSMART
1672,HGINFRA-EQ,HGINFRA
19731,GPPL-EQ,GPPL
11445,PILANIINVS-EQ,PILANIINVS
21254,ICICILOVOL-EQ,ICICILOVOL
350,BANARISUG-EQ,BANARISUG
11821,WELCORP-EQ,WELCORP
15399,EIHAHOTELS-EQ,EIHAHOTELS
3405,TATACHEM-EQ,TATACHEM
9668,HIKAL-EQ,HIKAL
13430,KELLTONTEC-EQ,KELLTONTEC
1038,FINCABLES-EQ,FINCABLES
10634,ASAL-EQ,ASAL
11027,INFOBEAN-EQ,INFOBEAN
17388,ADANIPOWER-EQ,ADANIPOWER
11452,CCL-EQ,CCL
19271,DFMFOODS-EQ,DFMFOODS
20224,CEBBCO-EQ,CEBBCO
19289,M50-EQ,M50
4060,ALPSINDUS-EQ,ALPSINDUS
18029,MBLINFRA-EQ,MBLINFRA
10579,MARKSANS-EQ,MARKSANS
308,BAJAJHIND-EQ,BAJAJHIND
10726,INDIAMART-EQ,INDIAMART
21091,STARCEMENT-EQ,STARCEMENT
4522,SIGIND-EQ,SIGIND
18931,SUNDARAM-EQ,SUNDARAM
11427,NDTV-EQ,NDTV
199,MASFIN-EQ,MASFIN
3518,TORNTPHARM-EQ,TORNTPHARM
12686,MBAPL-EQ,MBAPL
3607,UNIVCABLES-EQ,UNIVCABLES
6848,GREENLAM-EQ,GREENLAM
4481,AARTIDRUGS-EQ,AARTIDRUGS
4041,JAYAGROGN-EQ,JAYAGROGN
772,DABUR-EQ,DABUR
16915,WABCOINDIA-EQ,WABCOINDIA
2431,RAILTEL-EQ,RAILTEL
5475,GRSE-EQ,GRSE
3757,VENKEYS-EQ,VENKEYS
3220,LODHA-EQ,LODHA
14299,PFC-EQ,PFC
3772,WILLAMAGOR-EQ,WILLAMAGOR
10099,GODREJCP-EQ,GODREJCP
809,BSHSL-EQ,BSHSL
14523,ICRA-EQ,ICRA
15061,KOTAKPSUBK-EQ,KOTAKPSUBK
3484,TIL-EQ,TIL
17002,FELDVR-EQ,FELDVR
8424,VIPULLTD-EQ,VIPULLTD
21840,DIAMONDYD-EQ,DIAMONDYD
29553,ICICINIFTY-EQ,ICICINIFTY
10791,NUCLEUS-EQ,NUCLEUS
13409,GPIL-EQ,GPIL
25690,DSSL-EQ,DSSL
4751,INDRAMEDCO-EQ,INDRAMEDCO
694,CIPLA-EQ,CIPLA
19211,HMVL-EQ,HMVL
4953,ADROITINFO-EQ,ADROITINFO
14618,CHEMBOND-EQ,CHEMBOND
12052,JUMPNET-EQ,JUMPNET
9260,ARROWGREEN-EQ,ARROWGREEN
15214,DVL-EQ,DVL
22428,MAXIND-EQ,MAXIND
25,ADANIENT-EQ,ADANIENT
4201,SOMATEX-EQ,SOMATEX
380,BBTC-EQ,BBTC
4204,MOTHERSUMI-EQ,MOTHERSUMI
17651,POKARNA-EQ,POKARNA
7420,MANAKALUCO-EQ,MANAKALUCO
13081,TRIVENI-EQ,TRIVENI
9683,KPITTECH-EQ,KPITTECH
3987,GREENPLY-EQ,GREENPLY
13844,MMFL-EQ,MMFL
1100,GARFIBRES-EQ,GARFIBRES
19913,DMART-EQ,DMART
24292,VSTTILLERS-EQ,VSTTILLERS
8050,MAHLIFE-EQ,MAHLIFE
1235,GREAVESCOT-EQ,GREAVESCOT
3456,TATAMOTORS-EQ,TATAMOTORS
17475,ICICINV20-EQ,ICICINV20
48,HAPPSTMNDS-EQ,HAPPSTMNDS
1485,IFBIND-EQ,IFBIND
17999,UNITEDTEA-EQ,UNITEDTEA
10755,APTECHT-EQ,APTECHT
881,DRREDDY-EQ,DRREDDY
13414,RSYSTEMS-EQ,RSYSTEMS
3150,SIEMENS-EQ,SIEMENS
7838,NETF-EQ,NETF
14761,NELCAST-EQ,NELCAST
9889,SMARTLINK-EQ,SMARTLINK
21676,HINDMOTORS-EQ,HINDMOTORS
3267,SREINFRA-EQ,SREINFRA
14403,RAJTV-EQ,RAJTV
17364,VINATIORGA-EQ,VINATIORGA
16719,ALMONDZ-EQ,ALMONDZ
8075,DALBHARAT-EQ,DALBHARAT
1164,NEWGEN-EQ,NEWGEN
19205,TMRVL-EQ,TMRVL
1076,ZENSARTECH-EQ,ZENSARTECH
16827,KOKUYOCMLN-EQ,KOKUYOCMLN
14068,SAGCEM-EQ,SAGCEM
3103,SHREECEM-EQ,SHREECEM
27067,VSSL-EQ,VSSL
4747,INDNIPPON-EQ,INDNIPPON
14111,NETWORK18-EQ,NETWORK18
11699,PATELENG-EQ,PATELENG
3001,ICICI500-EQ,ICICI500
18863,VERTOZ-EQ,VERTOZ
24409,DHANUKA-EQ,DHANUKA
263,ATUL-EQ,ATUL
31234,SCHNEIDER-EQ,SCHNEIDER
19410,ROSSARI-EQ,ROSSARI
4717,GAIL-EQ,GAIL
1614,FAIRCHEMOR-EQ,FAIRCHEMOR
11072,AGRITECH-EQ,AGRITECH
15032,PSUBNKBEES-EQ,PSUBNKBEES
22347,MACPOWER-EQ,MACPOWER
9539,SAKAR-EQ,SAKAR
13076,SORILINFRA-EQ,SORILINFRA
14582,SRHHYPOLTD-EQ,SRHHYPOLTD
17851,DLINKINDIA-EQ,DLINKINDIA
7508,ZENTEC-EQ,ZENTEC
14766,V2RETAIL-EQ,V2RETAIL
436,IFGLEXPOR-EQ,IFGLEXPOR
1412,HSIL-EQ,HSIL
2106,MANGLMCEM-EQ,MANGLMCEM
3321,SPMLINFRA-EQ,SPMLINFRA
21770,ICICIGI-EQ,ICICIGI
13072,IIFLSEC-EQ,IIFLSEC
24532,FILATEX-EQ,FILATEX
13720,JHS-EQ,JHS
19943,DEEPAKNTR-EQ,DEEPAKNTR
1997,LICHSGFIN-EQ,LICHSGFIN
17839,GILLANDERS-EQ,GILLANDERS
13776,GESHIP-EQ,GESHIP
3857,VARROC-EQ,VARROC
3186,SKFINDIA-EQ,SKFINDIA
2610,PEARLPOLY-EQ,PEARLPOLY
3694,VINDHYATEL-EQ,VINDHYATEL
1315,GALAXYSURF-EQ,GALAXYSURF
14662,MCDHOLDING-EQ,MCDHOLDING
14319,TFL-EQ,TFL
4040,EIMCOELECO-EQ,EIMCOELECO
1044,AXISBNKETF-EQ,AXISBNKETF
2142,MFSL-EQ,MFSL
277,GICRE-EQ,GICRE
4907,ENGINERSIN-EQ,ENGINERSIN
480,BIRLACORPN-EQ,BIRLACORPN
1250,CASTROLIND-EQ,CASTROLIND
637,CHAMBLFERT-EQ,CHAMBLFERT
16683,DIGISPICE-EQ,DIGISPICE
817,DCW-EQ,DCW
11037,ICICIBANKN-EQ,ICICIBANKN
13826,SOBHA-EQ,SOBHA
3693,GAYAHWS-EQ,GAYAHWS
17333,MHRIL-EQ,MHRIL
3432,TATACONSUM-EQ,TATACONSUM
1389,SUPREMEENG-EQ,SUPREMEENG
203,ASHAPURMIN-EQ,ASHAPURMIN
10516,FEL-EQ,FEL
15254,CEATLTD-EQ,CEATLTD
10932,RADAAN-EQ,RADAAN
8479,TVSMOTOR-EQ,TVSMOTOR
5701,CUB-EQ,CUB
13710,FIEMIND-EQ,FIEMIND
18652,ICICIPRULI-EQ,ICICIPRULI
20906,A2ZINFRA-EQ,A2ZINFRA
381,SINTERCOM-EQ,SINTERCOM
1949,KSB-EQ,KSB
144,GODREJAGRO-EQ,GODREJAGRO
3088,INDOSTAR-EQ,INDOSTAR
17603,MAHEPC-EQ,MAHEPC
3099,SHREDIGCEM-EQ,SHREDIGCEM
14096,SIYSIL-EQ,SIYSIL
1153,GLAXO-EQ,GLAXO
13880,BANCOINDIA-EQ,BANCOINDIA
15239,BIRLAMONEY-EQ,BIRLAMONEY
13885,ARIHANT-EQ,ARIHANT
16933,INDBANK-EQ,INDBANK
3509,TNPETRO-EQ,TNPETRO
6733,JINDALSTEL-EQ,JINDALSTEL
404,BERGEPAINT-EQ,BERGEPAINT
19761,ADFFOODS-EQ,ADFFOODS
7529,LCCINFOTEC-EQ,LCCINFOTEC
25017,BODALCHEM-EQ,BODALCHEM
10922,OMAXAUTO-EQ,OMAXAUTO
9678,SOUTHWEST-EQ,SOUTHWEST
13611,IRCTC-EQ,IRCTC
11841,KENNAMET-EQ,KENNAMET
17875,GODREJPROP-EQ,GODREJPROP
8124,AJANTPHARM-EQ,AJANTPHARM
14339,GANESHHOUC-EQ,GANESHHOUC
11905,GENUSPOWER-EQ,GENUSPOWER
14793,MEGASOFT-EQ,MEGASOFT
7463,MANAKSTEEL-EQ,MANAKSTEEL
18371,NDGL-EQ,NDGL
6302,APOLSINHOT-EQ,APOLSINHOT
1808,KAJARIACER-EQ,KAJARIACER
8585,NLCINDIA-EQ,NLCINDIA
22360,MCL-EQ,MCL
9921,ALANKIT-EQ,ALANKIT
6227,DTIL-EQ,DTIL
9436,AXISCADES-EQ,AXISCADES
31107,DBSTOCKBRO-EQ,DBSTOCKBRO
19937,KILITCH-EQ,KILITCH
2289,HLEGLAS-EQ,HLEGLAS
13976,TANLA-EQ,TANLA
15283,KNRCON-EQ,KNRCON
11735,GDL-EQ,GDL
2056,HOMEFIRST-EQ,HOMEFIRST
13702,VISHWARAJ-EQ,VISHWARAJ
13870,KUANTUM-EQ,KUANTUM
467,HDFCLIFE-EQ,HDFCLIFE
11909,SWELECTES-EQ,SWELECTES
1937,KREBSBIO-EQ,KREBSBIO
3481,THOMASCOOK-EQ,THOMASCOOK
20071,INTENTECH-EQ,INTENTECH
19599,PRAKASHSTL-EQ,PRAKASHSTL
3010,AXISTECETF-EQ,AXISTECETF
11256,JAIBALAJI-EQ,JAIBALAJI
17468,MAXVIL-EQ,MAXVIL
14917,TAKE-EQ,TAKE
11386,ICICIBANKP-EQ,ICICIBANKP
17130,PARAGMILK-EQ,PARAGMILK
5948,SOUTHBANK-EQ,SOUTHBANK
15161,HITECHCORP-EQ,HITECHCORP
17742,BAFNAPH-EQ,BAFNAPH
18479,ISFT-EQ,ISFT
811,DCMSHRIRAM-EQ,DCMSHRIRAM
13086,AIAENG-EQ,AIAENG
5378,ASAHIINDIA-EQ,ASAHIINDIA
1375,HCC-EQ,HCC
2614,HERANBA-EQ,HERANBA
7929,CADILAHC-EQ,CADILAHC
3348,SUNFLAG-EQ,SUNFLAG
18292,IVZINGOLD-EQ,IVZINGOLD
11999,FCSSOFT-EQ,FCSSOFT
270,CHEMCON-EQ,CHEMCON
13473,GTNTEX-EQ,GTNTEX
10285,AYMSYNTEX-EQ,AYMSYNTEX
20413,IOLCP-EQ,IOLCP
13337,GALLANTT-EQ,GALLANTT
10310,MAJESCO-EQ,MAJESCO
30108,ABFRL-EQ,ABFRL
21462,SPTL-EQ,SPTL
9819,HAVELLS-EQ,HAVELLS
20140,GALLISPAT-EQ,GALLISPAT
11239,NSIL-EQ,NSIL
20329,CGCL-EQ,CGCL
24391,EBIXFOREX-EQ,EBIXFOREX
12489,SWSOLAR-EQ,SWSOLAR
2283,MRPL-EQ,MRPL
148,ANSALAPI-EQ,ANSALAPI
9059,NIFTYEES-EQ,NIFTYEES
13925,NFL-EQ,NFL
2277,MRF-EQ,MRF
11155,CREATIVE-EQ,CREATIVE
21733,RHFL-EQ,RHFL
20063,SASTASUNDR-EQ,SASTASUNDR
14745,ADVANIHOTR-EQ,ADVANIHOTR
347,BANARBEADS-EQ,BANARBEADS
22440,UTIBANKETF-EQ,UTIBANKETF
21119,KICL-EQ,KICL
17032,THYROCARE-EQ,THYROCARE
2866,RCF-EQ,RCF
13491,JKLAKSHMI-EQ,JKLAKSHMI
166,ANDHRAPAP-EQ,ANDHRAPAP
1547,RKEC-EQ,RKEC
4487,ALKYLAMINE-EQ,ALKYLAMINE
3634,UTTAMSTL-EQ,UTTAMSTL
2397,SANDHAR-EQ,SANDHAR
526,BPCL-EQ,BPCL
3022,NETFSDL26-EQ,NETFSDL26
11491,APARINDS-EQ,APARINDS
8477,XELPMOC-EQ,XELPMOC
2168,RAJMET-EQ,RAJMET
21339,STEELXIND-EQ,STEELXIND
18977,UNIVASTU-EQ,UNIVASTU
25340,VASWANI-EQ,VASWANI
425,KHADIM-EQ,KHADIM
1628,BECTORFOOD-EQ,BECTORFOOD
625,CENTURYTEX-EQ,CENTURYTEX
13572,MANUGRAPH-EQ,MANUGRAPH
15204,ARIES-EQ,ARIES
40,AEGISCHEM-EQ,AEGISCHEM
25328,APLLTD-EQ,APLLTD
13290,BLKASHYAP-EQ,BLKASHYAP
24924,ELGIRUBCO-EQ,ELGIRUBCO
1139,GICHSGFIN-EQ,GICHSGFIN
1200,MAESGETF-EQ,MAESGETF
1838,KARURVYSYA-EQ,KARURVYSYA
13920,PLASTIBLEN-EQ,PLASTIBLEN
13305,CENTURYPLY-EQ,CENTURYPLY
13587,ACE-EQ,ACE
3327,SUDARSCHEM-EQ,SUDARSCHEM
16675,BAJAJFINSV-EQ,BAJAJFINSV
25780,APLAPOLLO-EQ,APLAPOLLO
9641,KHANDSE-EQ,KHANDSE
17945,SUVENPHAR-EQ,SUVENPHAR
2493,ORIENTHOT-EQ,ORIENTHOT
17520,RTNPOWER-EQ,RTNPOWER
7229,HCLTECH-EQ,HCLTECH
14304,FSL-EQ,FSL
2439,NKIND-EQ,NKIND
8591,AKSHOPTFBR-EQ,AKSHOPTFBR
447,TATASTLBSL-EQ,TATASTLBSL
2406,NEULANDLAB-EQ,NEULANDLAB
2859,RAYMOND-EQ,RAYMOND
17279,BLS-EQ,BLS
4550,SKIL-EQ,SKIL
5938,MONTECARLO-EQ,MONTECARLO
4749,CONCOR-EQ,CONCOR
16253,EBBETF0430-EQ,EBBETF0430
14208,TV18BRDCST-EQ,TV18BRDCST
2939,RUBYMILLS-EQ,RUBYMILLS
14346,ORIENTALTL-EQ,ORIENTALTL
1720,JAYSREETEA-EQ,JAYSREETEA
17963,NESTLEIND-EQ,NESTLEIND
1901,CUMMINSIND-EQ,CUMMINSIND
3063,VEDL-EQ,VEDL
21623,APEX-EQ,APEX
805,DCM-EQ,DCM
16845,LGBFORGE-EQ,LGBFORGE
14702,NAGREEKEXP-EQ,NAGREEKEXP
9931,VIKASMCORP-EQ,VIKASMCORP
11364,VAIBHAVGBL-EQ,VAIBHAVGBL
11794,SAKSOFT-EQ,SAKSOFT
13332,SOLARINDS-EQ,SOLARINDS
11377,MAHABANK-EQ,MAHABANK
2412,PEL-EQ,PEL
25724,RUPA-EQ,RUPA
10346,DGCONTENT-EQ,DGCONTENT
1205,GOODYEAR-EQ,GOODYEAR
4745,BANKINDIA-EQ,BANKINDIA
10440,LUPIN-EQ,LUPIN
18457,POWERINDIA-EQ,POWERINDIA
10406,STEELCITY-EQ,STEELCITY
2513,BCLIND-EQ,BCLIND
14435,JKTYRE-EQ,JKTYRE
18822,ENDURANCE-EQ,ENDURANCE
31468,LYPSAGEMS-EQ,LYPSAGEMS
14607,TGBHOTELS-EQ,TGBHOTELS
1859,KESORAMIND-EQ,KESORAMIND
11457,KOTAKNV20-EQ,KOTAKNV20
16751,RANEENGINE-EQ,RANEENGINE
1011,SCHAEFFLER-EQ,SCHAEFFLER
1143,NCPSESDL24-EQ,NCPSESDL24
2088,MAHSEAMLES-EQ,MAHSEAMLES
2598,AMJLAND-EQ,AMJLAND
11441,LICNETFSEN-EQ,LICNETFSEN
30550,NTL-EQ,NTL
5264,PDSMFL-EQ,PDSMFL
11723,JSWSTEEL-EQ,JSWSTEEL
20616,SUPERHOUSE-EQ,SUPERHOUSE
14255,REDINGTON-EQ,REDINGTON
4986,IRCON-EQ,IRCON
19585,BSE-EQ,BSE
20425,NACLIND-EQ,NACLIND
11435,SPANDANA-EQ,SPANDANA
16807,LOTUSEYE-EQ,LOTUSEYE
21740,CHOLAHLDNG-EQ,CHOLAHLDNG
13890,HIRECT-EQ,HIRECT
19401,BOROLTD-EQ,BOROLTD
338,BALMLAWRIE-EQ,BALMLAWRIE
2049,CHENNPETRO-EQ,CHENNPETRO
24385,KARMAENG-EQ,KARMAENG
1624,IOC-EQ,IOC
31837,SREEL-EQ,SREEL
13386,ROHITFERRO-EQ,ROHITFERRO
14612,SIMBHALS-EQ,SIMBHALS
1442,SANOFI-EQ,SANOFI
14398,AMDIND-EQ,AMDIND
