name,symbol
IRFC,IRFC
20 Microns Limited,20MICRONS
21st Century Management Services Limited,21STCENMGM
3i Infotech Limited,3IINFOTECH
3M India Limited,3MINDIA
3P Land Holdings Limited,3PLAND
5Paisa Capital Limited,5PAISA
63 moons technologies limited,63MOONS
A2Z Infra Engineering Limited,A2ZINFRA
Aarti Drugs Limited,AARTIDRUGS
Aarti Industries Limited,AARTIIND
Aarvee Denims & Exports Limited,AARVEEDEN
Aavas Financiers Limited,AAVAS
Aban Offshore Limited,ABAN
ABB India Limited,ABB
Abbott India Limited,ABBOTINDIA
Aditya Birla Capital Limited,ABCAPITAL
Aditya Birla Fashion and Retail Limited,ABFRL
ABM International Limited,ABMINTLTD
ACC Limited,ACC
Accelya Solutions India Limited,ACCELYA
Action Construction Equipment Limited,ACE
Adani Enterprises Limited,ADANIENT
Adani Gas Limited,ADANIGAS
Adani Green Energy Limited,ADANIGREEN
Adani Ports and Special Economic Zone Limited,ADANIPORTS
Adani Power Limited,ADANIPOWER
Adani Transmission Limited,ADANITRANS
ADF Foods Limited,ADFFOODS
Adhunik Metaliks Limited,ADHUNIK
Adhunik Industries Limited,ADHUNIKIND
Adlabs Entertainment Limited,ADLABS
Ador Welding Limited,ADORWELD
Adroit Infotech Limited,ADROITINFO
Allied Digital Services Limited,ADSL
Advani Hotels & Resorts (India) Limited,ADVANIHOTR
Advanced Enzyme Technologies Limited,ADVENZYMES
Aegis Logistics Limited,AEGISCHEM
Affle (India) Limited,AFFLE
Agarwal Industrial Corporation Limited,AGARIND
AGC Networks Limited,AGCNET
Agri-Tech (India) Limited,AGRITECH
Agro Phos India Limited,AGROPHOS
Asian Hotels (East) Limited,AHLEAST
Ahluwalia Contracts (India) Limited,AHLUCONT
Asian Hotels (West) Limited,AHLWEST
AIA Engineering Limited,AIAENG
Monnet Ispat & Energy Limited,AIONJSW
Airan Limited,AIRAN
Ajanta Pharma Limited,AJANTPHARM
Ajmera Realty & Infra India Limited,AJMERA
Akash Infra-Projects Limited,AKASH
AksharChem India Limited,AKSHARCHEM
Aksh Optifibre Limited,AKSHOPTFBR
Akzo Nobel India Limited,AKZOINDIA
Alankit Limited,ALANKIT
Albert David Limited,ALBERTDAVD
Allahabad Bank,ALBK
Alchemist Limited,ALCHEM
Alembic Limited,ALEMBICLTD
Alicon Castalloy Limited,ALICON
Alkali Metals Limited,ALKALI
Alkem Laboratories Limited,ALKEM
Alkyl Amines Chemicals Limited,ALKYLAMINE
Allcargo Logistics Limited,ALLCARGO
Allsec Technologies Limited,ALLSEC
Almondz Global Securities Limited,ALMONDZ
Alok Industries Limited,ALOKTEXT
Alpa Laboratories Limited,ALPA
Alphageo (India) Limited,ALPHAGEO
Alps Industries Limited,ALPSINDUS
Amara Raja Batteries Limited,AMARAJABAT
Amber Enterprises India Limited,AMBER
Ambika Cotton Mills Limited,AMBIKCO
Ambuja Cements Limited,AMBUJACEM
AMD Industries Limited,AMDIND
Amj Land Holdings Limited,AMJLAND
Amrutanjan Health Care Limited,AMRUTANJAN
Anant Raj Limited,ANANTRAJ
Andhra Bank,ANDHRABANK
Andhra Cements Limited,ANDHRACEMT
The Andhra Sugars Limited,ANDHRSUGAR
Anik Industries Limited,ANIKINDS
Ankit Metal & Power Limited,ANKITMETAL
Ansal Properties & Infrastructure Limited,ANSALAPI
Ansal Housing Limited,ANSALHSG
Antarctica Limited,ANTGRAPHIC
The Anup Engineering Limited,ANUP
Apar Industries Limited,APARINDS
Anjani Portland Cement Limited,APCL
Apcotex Industries Limited,APCOTEXIND
Apex Frozen Foods Limited,APEX
APL Apollo Tubes Limited,APLAPOLLO
Alembic Pharmaceuticals Limited,APLLTD
Apollo Micro Systems Limited,APOLLO
Apollo Hospitals Enterprise Limited,APOLLOHOSP
Apollo Pipes Limited,APOLLOPIPE
Apollo Tyres Limited,APOLLOTYRE
Apollo Sindoori Hotels Limited,APOLSINHOT
Aptech Limited,APTECHT
Archidply Industries Limited,ARCHIDPLY
Archies Limited,ARCHIES
Arcotech Limited,ARCOTECH
Rajdarshan Industries Limited,ARENTERP
Aries Agro Limited,ARIES
Arihant Foundations & Housing Limited,ARIHANT
Arihant Superstructures Limited,ARIHANTSUP
Arman Financial Services Limited,ARMANFIN
Aro Granite Industries Limited,AROGRANITE
Arrow Greentech Limited,ARROWGREEN
Arrow Textiles Limited,ARROWTEX
Arshiya Limited,ARSHIYA
ARSS Infrastructure Projects Limited,ARSSINFRA
Arvind Limited,ARVIND
Arvind Fashions Limited,ARVINDFASN
Arvind SmartSpaces Limited,ARVSMART
Asahi India Glass Limited,ASAHIINDIA
Asahi Songwon Colors Limited,ASAHISONG
Automotive Stampings and Assemblies Limited,ASAL
Ashapura Minechem Limited,ASHAPURMIN
Ashiana Housing Limited,ASHIANA
Ashima Limited,ASHIMASYN
Ashoka Buildcon Limited,ASHOKA
Ashok Leyland Limited,ASHOKLEY
Asian Hotels (North) Limited,ASIANHOTNR
Asian Paints Limited,ASIANPAINT
Asian Granito India Limited,ASIANTILES
Aspinwall and Company Limited,ASPINWALL
Astec LifeSciences Limited,ASTEC
Aster DM Healthcare Limited,ASTERDM
Astral Poly Technik Limited,ASTRAL
Astra Microwave Products Limited,ASTRAMICRO
AstraZeneca Pharma India Limited,ASTRAZEN
Astron Paper & Board Mill Limited,ASTRON
Agro Tech Foods Limited,ATFL
Atlanta  Limited,ATLANTA
Atlas Cycles (Haryana) Limited,ATLASCYCLE
Atul Limited,ATUL
Atul Auto Limited,ATULAUTO
AU Small Finance Bank Limited,AUBANK
Aurionpro Solutions Limited,AURIONPRO
Aurobindo Pharma Limited,AUROPHARMA
Ausom Enterprise Limited,AUSOMENT
Automotive Axles Limited,AUTOAXLES
Autoline Industries Limited,AUTOIND
Autolite (India) Limited,AUTOLITIND
Avadh Sugar & Energy Limited,AVADHSUGAR
Avanti Feeds Limited,AVANTIFEED
AVT Natural Products Limited,AVTNPL
Axis Bank Limited,AXISBANK
AXISCADES Engineering Technologies Limited,AXISCADES
AYM Syntex Limited,AYMSYNTEX
B.A.G Films and Media Limited,BAGFILMS
Bajaj Auto Limited,BAJAJ-AUTO
Bajaj Consumer Care Limited,BAJAJCON
Bajaj Electricals Limited,BAJAJELEC
Bajaj Finserv Limited,BAJAJFINSV
Bajaj Hindusthan Sugar Limited,BAJAJHIND
Bajaj Holdings & Investment Limited,BAJAJHLDNG
Bajaj Finance Limited,BAJFINANCE
Balaji Telefilms Limited,BALAJITELE
Balaji Amines Limited,BALAMINES
Balaxi Ventures Limited,BALAXI
Balkrishna Paper Mills Limited,BALKRISHNA
Balkrishna Industries Limited,BALKRISIND
Ballarpur Industries Limited,BALLARPUR
Balmer Lawrie & Company Limited,BALMLAWRIE
Bal Pharma Limited,BALPHARMA
Balrampur Chini Mills Limited,BALRAMCHIN
Banaras Beads Limited,BANARBEADS
Bannari Amman Sugars Limited,BANARISUG
Banco Products (I) Limited,BANCOINDIA
Bandhan Bank Limited,BANDHANBNK
Bang Overseas Limited,BANG
Bank of Baroda,BANKBARODA
Bank of India,BANKINDIA
Banswara Syntex Limited,BANSWRAS
Bartronics India Limited,BARTRONICS
BASF India Limited,BASF
Bannari Amman Spinning Mills Limited,BASML
Bata India Limited,BATAINDIA
Bayer Cropscience Limited,BAYERCROP
Bharat Bijlee Limited,BBL
Bombay Burmah Trading Corporation Limited,BBTC
Brightcom Group Limited,BCG
B.C. Power Controls Ltd,BCP
Bharat Dynamics Limited,BDL
Beardsell Limited,BEARDSELL
Bedmutha Industries Limited,BEDMUTHA
Bharat Electronics Limited,BEL
BEML Limited,BEML
Bhansali Engineering Polymers Limited,BEPL
Berger Paints (I) Limited,BERGEPAINT
BF Investment Limited,BFINVEST
BF Utilities Limited,BFUTILITIE
Bharatiya Global Infomedia Limited,BGLOBAL
BGR Energy Systems Limited,BGRENERGY
Bhageria Industries Limited,BHAGERIA
Bhagyanagar India Limited,BHAGYANGR
Bhagyanagar Properties Limited,BHAGYAPROP
Bhandari Hosiery Exports Limited,BHANDARI
Bharat Forge Limited,BHARATFORG
Bharat Gears Limited,BHARATGEAR
Bharat Rasayan Limited,BHARATRAS
Bharat Wire Ropes Limited,BHARATWIRE
Bharti Airtel Limited,BHARTIARTL
Bharat Heavy Electricals Limited,BHEL
Bigbloc Construction Limited,BIGBLOC
Bhartiya International Limited,BIL
Bil Energy Systems Limited,BILENERGY
Oswal Chemicals & Fertilizers Limited,BINDALAGRO
Biocon Limited,BIOCON
Biofil Chemicals & Pharmaceuticals Limited,BIOFILCHEM
Birla Cable Limited,BIRLACABLE
Birla Corporation Limited,BIRLACORPN
Aditya Birla Money Limited,BIRLAMONEY
Bkm Industries Limited,BKMINDST
BLB Limited,BLBLIMITED
Bliss GVS Pharma Limited,BLISSGVS
B. L. Kashyap and Sons Limited,BLKASHYAP
BLS International Services Limited,BLS
Blue Blends (I) Limited,BLUEBLENDS
Blue Coast Hotels Limited,BLUECOAST
Blue Dart Express Limited,BLUEDART
Blue Star Limited,BLUESTARCO
Bodal Chemicals Limited,BODALCHEM
Bombay Dyeing & Mfg Company Limited,BOMDYEING
Borosil Glass Works Limited,BOROSIL
Bosch Limited,BOSCHLTD
Bharat Petroleum Corporation Limited,BPCL
BPL Limited,BPL
Bombay Rayon Fashions Limited,BRFL
Brigade Enterprises Limited,BRIGADE
Britannia Industries Limited,BRITANNIA
Bharat Road Network Limited,BRNL
Brooks Laboratories Limited,BROOKS
BSE Limited,BSE
BSEL Infrastructure Realty Limited,BSELINFRA
BSL Limited,BSL
BIRLASOFT LIMITED,BSOFT
Burnpur Cement Limited,BURNPUR
Butterfly Gandhimathi Appliances Limited,BUTTERFLY
Barak Valley Cements Limited,BVCL
The Byke Hospitality Ltd,BYKE
Cadila Healthcare Limited,CADILAHC
California Software Company Limited,CALSOFT
Camlin Fine Sciences Limited,CAMLINFINE
Canara Bank,CANBK
C & C Constructions Limited,CANDC
Can Fin Homes Limited,CANFINHOME
Cantabil Retail India Limited,CANTABIL
Capacit’e Infraprojects Limited,CAPACITE
Caplin Point Laboratories Limited,CAPLIPOINT
Capital Trust Limited,CAPTRUST
Carborundum Universal Limited,CARBORUNIV
Career Point Limited,CAREERP
CARE Ratings Limited,CARERATING
Castex Technologies Limited,CASTEXTECH
Castrol India Limited,CASTROLIND
Country Club Hospitality & Holidays Limited,CCHHL
CCL Products (India) Limited,CCL
Central Depository Services (India) Limited,CDSL
CEAT Limited,CEATLTD
Commercial Engineers & Body Builders Co Limited,CEBBCO
Celebrity Fashions Limited,CELEBRITY
Celestial Biolabs Limited,CELESTIAL
Century Enka Limited,CENTENKA
Century Extrusions Limited,CENTEXT
Central Bank of India,CENTRALBK
Centrum Capital Limited,CENTRUM
Centum Electronics Limited,CENTUM
Century Plyboards (India) Limited,CENTURYPLY
Century Textiles & Industries Limited,CENTURYTEX
Cera Sanitaryware Limited,CERA
Cerebra Integrated Technologies Limited,CEREBRAINT
CESC Limited,CESC
CESC Ventures Limited,CESCVENT
Capri Global Capital Limited,CGCL
CG Power and Industrial Solutions Limited,CGPOWER
Chalet Hotels Limited,CHALET
Chambal Fertilizers & Chemicals Limited,CHAMBLFERT
Chemfab Alkalis Limited,CHEMFAB
Chennai Petroleum Corporation Limited,CHENNPETRO
Cholamandalam Investment and Finance Company Limited,CHOLAFIN
Cholamandalam Financial Holdings Limited,CHOLAHLDNG
Chromatic India Limited,CHROMATIC
Cigniti Technologies Limited,CIGNITITEC
Cimmco Limited,CIMMCO
Cineline India Limited,CINELINE
Cinevista Limited,CINEVISTA
Cipla Limited,CIPLA
Cox & Kings Financial Service Limited,CKFSL
CL Educate Limited,CLEDUCATE
Clariant Chemicals (India) Limited,CLNINDIA
CMI Limited,CMICABLES
CIL Nova Petrochemicals Limited,CNOVAPETRO
Coal India Limited,COALINDIA
Cochin Shipyard Limited,COCHINSHIP
Coffee Day Enterprises Limited,COFFEEDAY
Colgate Palmolive (India) Limited,COLPAL
Compuage Infocom Limited,COMPINFO
Compucom Software Limited,COMPUSOFT
Container Corporation of India Limited,CONCOR
Confidence Petroleum India Limited,CONFIPET
Consolidated Finvest & Holdings Limited,CONSOFINVT
Control Print Limited,CONTROLPR
Coral India Finance & Housing Limited,CORALFINAC
Cords Cable Industries Limited,CORDSCABLE
Coromandel International Limited,COROMANDEL
Corporation Bank,CORPBANK
Cosmo Films Limited,COSMOFILMS
Country Condo’s Limited,COUNCODOS
Cox & Kings Limited,COX&KINGS
Creative Peripherals and Distribution Limited,CREATIVE
Creative Eye Limited,CREATIVEYE
CREDITACCESS GRAMEEN LIMITED,CREDITACC
Crest Ventures Limited,CREST
CRISIL Limited,CRISIL
Crompton Greaves Consumer Electricals Limited,CROMPTON
Cambridge Technology Enterprises Limited,CTE
City Union Bank Limited,CUB
Cubex Tubings Limited,CUBEXTUB
Cummins India Limited,CUMMINSIND
Cupid Limited,CUPID
Cura Technologies Limited,CURATECH
Cyber Media (India) Limited,CYBERMEDIA
Cybertech Systems And Software Limited,CYBERTECH
Cyient Limited,CYIENT
LT Foods Limited,DAAWAT
Dabur India Limited,DABUR
Dalmia Bharat Limited,DALBHARAT
Dalmia Bharat Sugar and Industries Limited,DALMIASUG
Damodar Industries Limited,DAMODARIND
Datamatics Global Services Limited,DATAMATICS
D.B.Corp Limited,DBCORP
Dilip Buildcon Limited,DBL
D B Realty Limited,DBREALTY
DB (International) Stock Brokers Limited,DBSTOCKBRO
Dishman Carbogen Amcis Limited,DCAL
DCB Bank Limited,DCBBANK
DCM  Limited,DCM
DCM Financial Services Limited,DCMFINSERV
DCM Nouvelle Limited,DCMNVL
DCM Shriram Limited,DCMSHRIRAM
DCW Limited,DCW
Deccan Cements Limited,DECCANCE
Deepak Fertilizers and Petrochemicals Corporation Limited,DEEPAKFERT
Deepak Nitrite Limited,DEEPAKNTR
Deep Industries Limited,DEEPIND
Delta Corp Limited,DELTACORP
Delta Magnets Limited,DELTAMAGNT
Den Networks Limited,DEN
De Nora India Limited,DENORA
DFM Foods Limited,DFMFOODS
Digicontent Limited,DGCONTENT
Dhampur Sugar Mills Limited,DHAMPURSUG
Dhanlaxmi Bank Limited,DHANBANK
Dhanuka Agritech Limited,DHANUKA
Dharani Sugars & Chemicals Limited,DHARSUGAR
Dewan Housing Finance Corporation Limited,DHFL
Dhunseri Investments Limited,DHUNINV
Prataap Snacks Limited,DIAMONDYD
Diamond Power Infra Ltd,DIAPOWER
DIC India Limited,DICIND
DiGiSPICE Technologies Limited,DIGISPICE
Digjam Limited,DIGJAMLTD
Dish TV India Limited,DISHTV
Divi’s Laboratories Limited,DIVISLAB
Dixon Technologies (India) Limited,DIXON
DLF Limited,DLF
D-Link (India) Limited,DLINKINDIA
Avenue Supermarts Limited,DMART
Diligent Media Corporation Limited,DNAMEDIA
Dolat Investments Limited,DOLAT
Dollar Industries Limited,DOLLAR
Donear Industries Limited,DONEAR
DPSC Limited,DPSCLTD
DQ Entertainment (International) Limited,DQE
Dredging Corporation of India Limited,DREDGECORP
Dr. Reddy’s Laboratories Limited,DRREDDY
Dynacons Systems & Solutions Limited,DSSL
Dhunseri Tea & Industries Limited,DTIL
Ducon Infratechnologies Limited,DUCON
Dhunseri Ventures Limited,DVL
Dwarikesh Sugar Industries Limited,DWARKESH
Dynamatic Technologies Limited,DYNAMATECH
Dynemic Products Limited,DYNPRO
Eastern Silk Industries Limited,EASTSILK
Easun Reyrolle Limited,EASUNREYRL
eClerx Services Limited,ECLERX
Edelweiss Financial Services Limited,EDELWEISS
Empee Distilleries Limited,EDL
Educomp Solutions Limited,EDUCOMP
Eicher Motors Limited,EICHERMOT
EID Parry India Limited,EIDPARRY
EIH Associated Hotels Limited,EIHAHOTELS
EIH Limited,EIHOTEL
Eimco Elecon (India) Limited,EIMCOELECO
Everest Kanto Cylinder Limited,EKC
Elecon Engineering Company Limited,ELECON
Electrosteel Castings Limited,ELECTCAST
Electrotherm (India) Limited,ELECTHERM
Elgi Equipments Limited,ELGIEQUIP
Elgi Rubber Company Limited,ELGIRUBCO
Emami Limited,EMAMILTD
Emami Paper Mills Limited,EMAMIPAP
Emami Realty Limited,EMAMIREAL
Emco Limited,EMCO
Emkay Global Financial Services Limited,EMKAY
Emmbi Industries Limited,EMMBI
Endurance Technologies Limited,ENDURANCE
Energy Development Company Limited,ENERGYDEV
Engineers India Limited,ENGINERSIN
Entertainment Network (India) Limited,ENIL
Eon Electric Limited,EON
Equitas Holdings Limited,EQUITAS
Eris Lifesciences Limited,ERIS
Eros International Media Limited,EROSMEDIA
Esab India Limited,ESABINDIA
Escorts Limited,ESCORTS
Essar Shipping Limited,ESSARSHPNG
Essel Propack Limited,ESSELPACK
Ester Industries Limited,ESTER
Euro Ceramics Limited,EUROCERA
Euro Multivision Limited,EUROMULTI
Eurotex Industries and Exports Limited,EUROTEXIND
Eveready Industries India Limited,EVEREADY
Everest Industries Limited,EVERESTIND
Excel Realty N Infra Limited,EXCEL
Excel Industries Limited,EXCELINDUS
Exide Industries Limited,EXIDEIND
Expleo Solutions Limited,EXPLEOSOL
Fertilizers and Chemicals Travancore Limited,FACT
Fairchem Speciality Limited,FAIRCHEM
Fineotex Chemical Limited,FCL
Future Consumer Limited,FCONSUMER
FCS Software Solutions Limited,FCSSOFT
FDC Limited,FDC
The Federal Bank  Limited,FEDERALBNK
Future Enterprises Limited,FEL
Future Enterprises Limited,FELDVR
Fiem Industries Limited,FIEMIND
Filatex India Limited,FILATEX
Finolex Cables Limited,FINCABLES
Fine Organic Industries Limited,FINEORG
Finolex Industries Limited,FINPIPE
Flexituff Ventures International Limited,FLEXITUFF
Future Lifestyle Fashions Limited,FLFL
Gujarat Fluorochemicals Limited,FLUOROCHEM
Federal-Mogul Goetze (India) Limited.,FMGOETZE
Future Market Networks Limited,FMNL
FORCE MOTORS LTD,FORCEMOT
Fortis Healthcare Limited,FORTIS
Foseco India Limited,FOSECOIND
Future Retail Limited,FRETAIL
Future Supply Chain Solutions Limited,FSC
Firstsource Solutions Limited,FSL
Gabriel India Limited,GABRIEL
Gujarat Ambuja Exports Limited,GAEL
GAIL (India) Limited,GAIL
Gyscoal Alloys Limited,GAL
Galaxy Surfactants Limited,GALAXYSURF
Gallantt Metal Limited,GALLANTT
Gallantt Ispat Limited,GALLISPAT
Gammon Infrastructure Projects Limited,GAMMNINFRA
Gandhi Special Tubes Limited,GANDHITUBE
Ganesha Ecosphere Limited,GANECOS
Ganesh Housing Corporation Limited,GANESHHOUC
Ganges Securities Limited,GANGESSECU
Gangotri Textiles Limited,GANGOTRI
Garden Silk Mills Limited,GARDENSILK
Garware Technical Fibres Limited,GARFIBRES
GATI Limited,GATI
Gayatri Highways Limited,GAYAHWS
Gayatri Projects Limited,GAYAPROJ
Gateway Distriparks Limited,GDL
GeeCee Ventures Limited,GEECEE
Genesys International Corporation Limited,GENESYS
Genus Paper & Boards Limited,GENUSPAPER
Genus Power Infrastructures Limited,GENUSPOWER
Geojit Financial Services Limited,GEOJITFSL
GE Power India Limited,GEPIL
The Great Eastern Shipping Company Limited,GESHIP
GE T&D India Limited,GET&D
GFL Limited,GFLLIMITED
GHCL Limited,GHCL
GIC Housing Finance Limited,GICHSGFIN
General Insurance Corporation of India,GICRE
Gillanders Arbuthnot & Company Limited,GILLANDERS
Gillette India Limited,GILLETTE
Ginni Filaments Limited,GINNIFILA
Gujarat Industries Power Company Limited,GIPCL
GI Engineering Solutions Limited,GISOLUTION
GKW Limited,GKWLIMITED
GlaxoSmithKline Pharmaceuticals Limited,GLAXO
Glenmark Pharmaceuticals Limited,GLENMARK
Gujarat Lease Financing Limited,GLFL
Global Vectra Helicorp Limited,GLOBALVECT
Global Offshore Services Limited,GLOBOFFS
Globus Spirits Limited,GLOBUSSPR
GM Breweries Limited,GMBREW
Gujarat Mineral Development Corporation Limited,GMDCLTD
GMM Pfaudler Limited,GMMPFAUDLR
GMR Infrastructure Limited,GMRINFRA
GNA Axles Limited,GNA
Gujarat Narmada Valley Fertilizers and Chemicals Limited,GNFC
Goa Carbon Limited,GOACARBON
GOCL Corporation Limited,GOCLCORP
Godfrey Phillips India Limited,GODFRYPHLP
Godrej Agrovet Limited,GODREJAGRO
Godrej Consumer Products Limited,GODREJCP
Godrej Industries Limited,GODREJIND
Godrej Properties Limited,GODREJPROP
Goenka Diamond and Jewels Limited,GOENKA
Gokaldas Exports Limited,GOKEX
Gokul Refoils and Solvent Limited,GOKUL
Gokul Agro Resources Limited,GOKULAGRO
Golden Tobacco Limited,GOLDENTOBC
Goldiam International Limited,GOLDIAM
Goldstone Technologies Limited,GOLDTECH
Goodluck India Limited,GOODLUCK
Godawari Power And Ispat limited,GPIL
Gujarat Pipavav Port Limited,GPPL
GPT Infraprojects Limited,GPTINFRA
Granules India Limited,GRANULES
Graphite India Limited,GRAPHITE
Grasim Industries Limited,GRASIM
Gravita India Limited,GRAVITA
Greaves Cotton Limited,GREAVESCOT
Greenlam Industries Limited,GREENLAM
Greenpanel Industries Limited,GREENPANEL
Greenply Industries Limited,GREENPLY
Orient Green Power Company Limited,GREENPOWER
Grindwell Norton Limited,GRINDWELL
The Grob Tea Company Limited,GROBTEA
GRP Limited,GRPLTD
Garden Reach Shipbuilders & Engineers Limited,GRSE
Gujarat Sidhee Cement Limited,GSCLCEMENT
Gujarat State Fertilizers & Chemicals Limited,GSFC
GlaxoSmithKline Consumer Healthcare Limited,GSKCONS
Gujarat State Petronet Limited,GSPL
GSS Infotech Limited,GSS
GTL Limited,GTL
GTL Infrastructure Limited,GTLINFRA
GTN Industries Limited,GTNIND
GTN Textiles Limited,GTNTEX
GTPL Hathway Limited,GTPL
Gufic Biosciences Limited,GUFICBIO
Gujarat Alkalies and Chemicals Limited,GUJALKALI
Gujarat Apollo Industries Limited,GUJAPOLLO
Gujarat Gas Limited,GUJGASLTD
Gujarat Raffia Industries Limited,GUJRAFFIA
Gulf Oil Lubricants India Limited,GULFOILLUB
GP Petroleums Limited,GULFPETRO
Gulshan Polyols Limited,GULPOLY
GVK Power & Infrastructure Limited,GVKPIL
Hindustan Aeronautics Limited,HAL
Harita Seating Systems Limited,HARITASEAT
Harrisons  Malayalam Limited,HARRMALAYA
Hathway Cable & Datacom Limited,HATHWAY
Hatsun Agro Product Limited,HATSUN
Havells India Limited,HAVELLS
Sri Havisha Hospitality and Infrastructure Limited,HAVISHA
HBL Power Systems Limited,HBLPOWER
HB Stockholdings Limited,HBSL
Hindustan Construction Company Limited,HCC
Healthcare Global Enterprises Limited,HCG
HCL Infosystems Limited,HCL-INSYS
HCL Technologies Limited,HCLTECH
Housing Development Finance Corporation Limited,HDFC
HDFC Asset Management Company Limited,HDFCAMC
HDFC Bank Limited,HDFCBANK
HDFC Life Insurance Company Limited,HDFCLIFE
Housing Development and Infrastructure Limited,HDIL
HEG Limited,HEG
HeidelbergCement India Limited,HEIDELBERG
Hercules Hoists Limited,HERCULES
Heritage Foods Limited,HERITGFOOD
Hero MotoCorp Limited,HEROMOTOCO
Hester Biosciences Limited,HESTERBIO
Hexa Tradex Limited,HEXATRADEX
Hexaware Technologies Limited,HEXAWARE
HFCL Limited,HFCL
H.G. Infra Engineering Limited,HGINFRA
Hinduja Global Solutions Limited,HGS
Hikal Limited,HIKAL
HIL Limited,HIL
Hilton Metal Forging Limited,HILTON
Himatsingka Seide Limited,HIMATSEIDE
Hindalco Industries Limited,HINDALCO
Hindustan Composites Limited,HINDCOMPOS
Hindustan Copper Limited,HINDCOPPER
Hindustan Motors Limited,HINDMOTORS
Hindusthan National Glass & Industries Limited,HINDNATGLS
Hindustan Oil Exploration Company Limited,HINDOILEXP
Hindustan Petroleum Corporation Limited,HINDPETRO
Hind Syntex Limited,HINDSYNTEX
Hindustan Unilever Limited,HINDUNILVR
Hindustan Zinc Limited,HINDZINC
Hind Rectifiers Limited,HIRECT
Hisar Metal Industries Limited,HISARMETAL
Hi-Tech Pipes Limited,HITECH
Hitech Corporation Limited,HITECHCORP
The Hi-Tech Gears Limited,HITECHGEAR
HMT Limited,HMT
Hindustan Media Ventures Limited,HMVL
Hindustan Foods Limited,HNDFDS
Honeywell Automation India Limited,HONAUT
Honda Siel Power Products Limited,HONDAPOWER
Hotel Leela Venture Limited,HOTELEELA
Hotel Rugby Limited,HOTELRUGBY
HOV Services Limited,HOVS
HPL Electric & Power Limited,HPL
Himadri Speciality Chemical Limited,HSCL
HSIL Limited,HSIL
HT Media Limited,HTMEDIA
Hubtown Limited,HUBTOWN
Housing & Urban Development Corporation Limited,HUDCO
Indiabulls Real Estate Limited,IBREALEST
Indiabulls Housing Finance Limited,IBULHSGFIN
Indiabulls Integrated Services Limited,IBULISL
Indiabulls Ventures Limited,IBVENTURES
ICICI Bank Limited,ICICIBANK
ICICI Lombard General Insurance Company Limited,ICICIGI
ICICI Prudential Life Insurance Company Limited,ICICIPRULI
Indo Count Industries Limited,ICIL
ICRA Limited,ICRA
IDBI Bank Limited,IDBI
Vodafone Idea Limited,IDEA
IDFC Limited,IDFC
IDFC First Bank Limited,IDFCFIRSTB
Indian Energy Exchange Limited,IEX
IFB Agro Industries Limited,IFBAGRO
IFB Industries Limited,IFBIND
IFCI Limited,IFCI
IFGL Refractories Limited,IFGLEXPOR
Igarashi Motors India Limited,IGARASHI
Indraprastha Gas Limited,IGL
IG Petrochemicals Limited,IGPL
IIFL Finance Limited,IIFL
IIFL Securities Limited,IIFLSEC
Iifl Wealth Management Limited,IIFLWAM
Industrial Investment Trust Limited,IITL
IL&FS Engineering and Construction Company Limited,IL&FSENGG
IL&FS Transportation Networks Limited,IL&FSTRANS
Indian Metals & Ferro Alloys Limited,IMFA
India Motor Parts and Accessories Limited,IMPAL
Impex Ferro Tech Limited,IMPEXFERRO
Indbank Merchant Banking Services Limited,INDBANK
The Indian Hotels Company Limited,INDHOTEL
The India Cements Limited,INDIACEM
India Glycols Limited,INDIAGLYCO
Indiamart Intermesh Limited,INDIAMART
Indian Bank,INDIANB
Indian Card Clothing Company Limited,INDIANCARD
Indian Hume Pipe Company Limited,INDIANHUME
InterGlobe Aviation Limited,INDIGO
IMP Powers Limited,INDLMETER
India Nippon Electricals Limited,INDNIPPON
Indoco Remedies Limited,INDOCO
Indo Rama Synthetics (India) Limited,INDORAMA
Indosolar Limited,INDOSOLAR
IndoStar Capital Finance Limited,INDOSTAR
Indo Tech Transformers Limited,INDOTECH
Indo Thai Securities Limited,INDOTHAI
Indowind Energy Limited,INDOWIND
Indraprastha Medical Corporation Limited,INDRAMEDCO
Ind-Swift Laboratories Limited,INDSWFTLAB
Ind-Swift Limited,INDSWFTLTD
Indian Terrain Fashions Limited,INDTERRAIN
IndusInd Bank Limited,INDUSINDBK
INEOS Styrolution India Limited,INEOSSTYRO
Infibeam Avenues Limited,INFIBEAM
InfoBeans Technologies Limited,INFOBEAN
Bharti Infratel Limited,INFRATEL
Infosys Limited,INFY
Ingersoll Rand (India) Limited,INGERRAND
INOX Leisure Limited,INOXLEISUR
Inox Wind Limited,INOXWIND
Insecticides (India) Limited,INSECTICID
Inspirisys Solutions Limited,INSPIRISYS
Integra Garments and Textiles Limited,INTEGRA
Intellect Design Arena Limited,INTELLECT
Intense Technologies Limited,INTENTECH
Inventure Growth & Securities Limited,INVENTURE
Indian Overseas Bank,IOB
Indian Oil Corporation Limited,IOC
IOL Chemicals and Pharmaceuticals Limited,IOLCP
International Paper APPM Limited,IPAPPM
IPCA Laboratories Limited,IPCALAB
IRB Infrastructure Developers Limited,IRB
Ircon International Limited,IRCON
Indian Railway Catering And Tourism Corporation Limited,IRCTC
ICICI Securities Limited,ISEC
Intrasoft Technologies Limited,ISFT
ISMT Limited,ISMTLTD
ITC Limited,ITC
India Tourism Development Corporation Limited,ITDC
ITD Cementation India Limited,ITDCEM
ITI Limited,ITI
IL&FS Investment Managers Limited,IVC
IVP Limited,IVP
IVRCL Limited,IVRCLINFRA
IZMO Limited,IZMO
The Jammu & Kashmir Bank Limited,J&KBANK
Jagran Prakashan Limited,JAGRAN
Jagsonpal Pharmaceuticals Limited,JAGSNPHARM
Jai Balaji Industries Limited,JAIBALAJI
Jai Corp Limited,JAICORPLTD
Jaihind Projects Limited,JAIHINDPRO
Jain Studios Limited,JAINSTUDIO
Jamna Auto Industries Limited,JAMNAAUTO
Jash Engineering Limited,JASH
Jayant Agro Organics Limited,JAYAGROGN
Jay Bharat Maruti Limited,JAYBARMARU
Jayaswal Neco Industries Limited,JAYNECOIND
Jayshree Tea & Industries Limited,JAYSREETEA
JB Chemicals & Pharmaceuticals Limited,JBCHEPHARM
JBF Industries Limited,JBFIND
JBM Auto Limited,JBMA
Johnson Controls – Hitachi Air Conditioning India Limited,JCHAC
Jet Airways (India) Limited,JETAIRWAYS
JHS Svendgaard Laboratories Limited,JHS
JIK Industries Limited,JIKIND
Jindal Photo Limited,JINDALPHOT
Jindal Poly Films Limited,JINDALPOLY
Jindal Saw Limited,JINDALSAW
Jindal Steel & Power Limited,JINDALSTEL
Jindal Cotex Limited,JINDCOT
Jindal Drilling And Industries Limited,JINDRILL
Jindal Worldwide Limited,JINDWORLD
Jain Irrigation Systems Limited,JISLDVREQS
Jain Irrigation Systems Limited,JISLJALEQS
JITF Infralogistics Limited,JITFINFRA
Jiya Eco-Products Limited,JIYAECO
JK Cement Limited,JKCEMENT
J.Kumar Infraprojects Limited,JKIL
JK Lakshmi Cement Limited,JKLAKSHMI
JK Paper Limited,JKPAPER
JK Tyre & Industries Limited,JKTYRE
Jullundur Motor Agency (Delhi) Limited,JMA
JMC Projects (India)  Limited,JMCPROJECT
JM Financial Limited,JMFINANCIL
JMT Auto Limited,JMTAUTOLTD
Jocil Limited,JOCIL
Jaiprakash Associates Limited,JPASSOCIAT
Jaypee Infratech Limited,JPINFRATEC
Jindal Poly Investment and Finance Company Limited,JPOLYINVST
Jaiprakash Power Ventures Limited,JPPOWER
Jindal Stainless Limited,JSL
Jindal Stainless (Hisar) Limited,JSLHISAR
JSW Energy Limited,JSWENERGY
JSW Holdings Limited,JSWHL
JSW Steel Limited,JSWSTEEL
Jtekt India Limited,JTEKTINDIA
Jubilant Life Sciences Limited,JUBILANT
Jubilant Foodworks Limited,JUBLFOOD
Jubilant Industries Limited,JUBLINDS
Jump Networks Limited,JUMPNET
Just Dial Limited,JUSTDIAL
JVL Agro Industries Limited,JVLAGRO
Jyothy Labs Limited,JYOTHYLAB
Kabra Extrusion Technik Limited,KABRAEXTRU
Kajaria Ceramics Limited,KAJARIACER
Kakatiya Cement Sugar & Industries Limited,KAKATCEM
Kalpataru Power Transmission Limited,KALPATPOWR
Kalyani Commercials Limited,KALYANI
Kalyani Forge Limited,KALYANIFRG
Kamat Hotels (I) Limited,KAMATHOTEL
Kamdhenu Limited,KAMDHENU
Kanani Industries Limited,KANANIIND
Kanoria Chemicals & Industries Limited,KANORICHEM
Kansai Nerolac Paints Limited,KANSAINER
Karda Constructions Limited,KARDA
Karma Energy Limited,KARMAENG
Karur Vysya Bank Limited,KARURVYSYA
Kaushalya Infrastructure Development Corporation Limited,KAUSHALYA
Kavveri Telecom Products Limited,KAVVERITEL
Kaya Limited,KAYA
KCP Limited,KCP
KCP Sugar and Industries Corporation Limited,KCPSUGIND
KDDL Limited,KDDL
KEC International Limited,KEC
Kirloskar Electric Company Limited,KECL
KEI Industries Limited,KEI
Kellton Tech Solutions Limited,KELLTONTEC
Kennametal India Limited,KENNAMET
Kernex Microsystems (India) Limited,KERNEX
Kesar Enterprises Limited,KESARENT
Kesoram Industries Limited,KESORAMIND
Keynote Financial Services Limited,KEYFINSERV
Karuturi Global Limited,KGL
Khadim India Limited,KHADIM
Khaitan (India) Limited,KHAITANLTD
Khandwala Securities Limited,KHANDSE
Kalyani Investment Company Limited,KICL
Kilitch Drugs (India) Limited,KILITCH
Kingfa Science & Technology (India) Limited,KINGFA
KIOCL Limited,KIOCL
Kiri Industries Limited,KIRIINDUS
Kirloskar Brothers Limited,KIRLOSBROS
Kirloskar Oil Engines Limited,KIRLOSENG
Kirloskar Industries Limited,KIRLOSIND
Kitex Garments Limited,KITEX
Kewal Kiran Clothing Limited,KKCL
K.M.Sugar Mills Limited,KMSUGAR
KNR Constructions Limited,KNRCON
Kohinoor Foods Limited,KOHINOOR
Kokuyo Camlin Limited,KOKUYOCMLN
Kolte – Patil Developers Limited,KOLTEPATIL
Kopran Limited,KOPRAN
Kotak Mahindra Bank Limited,KOTAKBANK
Kothari Sugars And Chemicals Limited,KOTARISUG
Kothari Petrochemicals Limited,KOTHARIPET
Kothari Products Limited,KOTHARIPRO
KPIT Technologies Limited,KPITTECH
K.P.R. Mill Limited,KPRMILL
KRBL Limited,KRBL
Krebs Biochemicals and Industries Limited,KREBSBIO
Kridhan Infra Limited,KRIDHANINF
Krishana Phoschem Limited,KRISHANA
Ksb Limited,KSB
Kaveri Seed Company Limited,KSCL
KSS Limited,KSERASERA
KSK Energy Ventures Limited,KSK
Kalyani Steels Limited,KSL
Kesar Terminals & Infrastructure Limited,KTIL
The Karnataka Bank Limited,KTKBANK
Kuantum Papers Limited,KUANTUM
kwality limited,KWALITY
L&T Finance Holdings Limited,L&TFH
Lakshmi Precision Screws Limited,LAKPRE
Lakshmi Vilas Bank Limited,LAKSHVILAS
Dr. Lal Path Labs Ltd.,LALPATHLAB
Lambodhara Textiles Limited,LAMBODHARA
La Opala RG Limited,LAOPALA
Lasa Supergenerics Limited,LASA
Laurus Labs Limited,LAURUSLABS
Lakshmi Machine Works Limited,LAXMIMACH
Lemon Tree Hotels Limited,LEMONTREE
Lakshmi Finance & Industrial Corporation Limited,LFIC
LG Balakrishnan & Bros Limited,LGBBROSLTD
LGB Forge Limited,LGBFORGE
Libas Designs Limited,LIBAS
Libas Designs Limited,LIBAS
Liberty Shoes Limited,LIBERTSHOE
LIC Housing Finance Limited,LICHSGFIN
Lincoln Pharmaceuticals Limited,LINCOLN
Linc Pen & Plastics Limited,LINCPEN
Linde India Limited,LINDEINDIA
Lokesh Machines Limited,LOKESHMACH
Lotus Eye Hospital and Institute Limited,LOTUSEYE
Lovable Lingerie Limited,LOVABLE
Landmark Property Development Company Limited,LPDC
Lloyds Steels Industries Limited,LSIL
Larsen & Toubro Limited,LT
Larsen & Toubro Infotech Limited,LTI
L&T Technology Services Limited,LTTS
Lumax Industries Limited,LUMAXIND
Lumax Auto Technologies Limited,LUMAXTECH
Lupin Limited,LUPIN
Lux Industries Limited,LUXIND
Lyka Labs Limited,LYKALABS
Lypsa Gems & Jewellery Limited,LYPSAGEMS
Mahindra & Mahindra Limited,M&M
Mahindra & Mahindra Financial Services Limited,M&MFIN
Maan Aluminium Limited,MAANALU
Madhav Marbles and Granites Limited,MADHAV
Madhucon Projects Limited,MADHUCON
Madras Fertilizers Limited,MADRASFERT
Magadh Sugar & Energy Limited,MAGADSUGAR
Magma Fincorp Limited,MAGMA
Magnum Ventures Limited,MAGNUM
Bank of Maharashtra,MAHABANK
Maha Rashtra Apex Corporation Limited,MAHAPEXLTD
Mahamaya Steel Industries Limited,MAHASTEEL
Maheshwari Logistics Limited,MAHESHWARI
Mahindra CIE Automotive Limited,MAHINDCIE
Mahindra Lifespace Developers Limited,MAHLIFE
Mahindra Logistics Limited,MAHLOG
Maharashtra Scooters Limited,MAHSCOOTER
Maharashtra Seamless Limited,MAHSEAMLES
Maithan Alloys Limited,MAITHANALL
Majesco Limited,MAJESCO
Malu Paper Mills Limited,MALUPAPER
Manaksia Aluminium Company Limited,MANAKALUCO
Manaksia Coated Metals & Industries Limited,MANAKCOAT
Manaksia Limited,MANAKSIA
Manaksia Steels Limited,MANAKSTEEL
Manali Petrochemicals Limited,MANALIPETC
Manappuram Finance Limited,MANAPPURAM
Mangalam Drugs And Organics Limited,MANGALAM
Mangalore Chemicals & Fertilizers Limited,MANGCHEFER
Mangalam Cement Limited,MANGLMCEM
Mangalam Timber Products Limited,MANGTIMBER
Man Industries (India) Limited,MANINDS
Man Infraconstruction Limited,MANINFRA
Manpasand Beverages Limited,MANPASAND
Manugraph India Limited,MANUGRAPH
Maral Overseas Limited,MARALOVER
Marathon Nextgen Realty Limited,MARATHON
Marico Limited,MARICO
Marksans Pharma Limited,MARKSANS
Maruti Suzuki India Limited,MARUTI
MAS Financial Services Limited,MASFIN
Mask Investments Limited,MASKINVEST
Mastek Limited,MASTEK
Matrimony.Com Limited,MATRIMONY
Mawana Sugars Limited,MAWANASUG
Max India Limited,MAXINDIA
Max Ventures and Industries Limited,MAXVIL
Mayur Uniquoters Ltd,MAYURUNIQ
Mazda Limited,MAZDA
Madhya Bharat Agro Products Limited,MBAPL
Mcnally Bharat Engineering Company Limited,MBECL
MBL Infrastructures Limited,MBLINFRA
McDowell Holdings Limited,MCDHOLDING
United Spirits Limited,MCDOWELL-N
Mcleod Russel India Limited,MCLEODRUSS
Multi Commodity Exchange of India Limited,MCX
Megasoft Limited,MEGASOFT
Meghmani Organics Limited,MEGH
Melstar Information Technologies Limited,MELSTAR
Menon Bearings Limited,MENONBE
MEP Infrastructure Developers Limited,MEP
Mercator Limited,MERCATOR
Metalyst Forgings Limited,METALFORGE
Metkore Alloys & Industries Limited,METKORE
Metropolis Healthcare Limited,METROPOLIS
Max Financial Services Limited,MFSL
Mahanagar Gas Limited,MGL
Mahindra Holidays & Resorts India Limited,MHRIL
MIC Electronics Limited,MIC
Mishra Dhatu Nigam Limited,MIDHANI
Minda Corporation Limited,MINDACORP
Minda Industries Limited,MINDAIND
Mindteck (India) Limited,MINDTECK
MindTree Limited,MINDTREE
MIRC Electronics Limited,MIRCELECTR
Mirza International Limited,MIRZAINT
MM Forgings Limited,MMFL
MMTC Limited,MMTC
Modi Rubber Limited,MODIRUBBER
Mohit Industries Limited,MOHITIND
Mohota Industries Limited,MOHOTAIND
MOIL Limited,MOIL
Mold-Tek Technologies Limited,MOLDTECH
Mold-Tek Packaging Limited,MOLDTKPAC
Monte Carlo Fashions Limited,MONTECARLO
Morarjee Textiles Limited,MORARJEE
Morepen Laboratories Limited,MOREPENLAB
Motherson Sumi Systems Limited,MOTHERSUMI
Motilal Oswal Financial Services Limited,MOTILALOFS
The Motor & General Finance Limited,MOTOGENFIN
MphasiS Limited,MPHASIS
MPS Limited,MPSLTD
MRF Limited,MRF
MRO-TEK Realty Limited,MRO-TEK
Mangalore Refinery and Petrochemicals Limited,MRPL
MSP Steel & Power Limited,MSPL
Mstc Limited,MSTCLTD
MT Educare Limited,MTEDUCARE
Mahanagar Telephone Nigam Limited,MTNL
Mukand Engineers Limited,MUKANDENGG
Mukand Limited,MUKANDLTD
Mukta Arts Limited,MUKTAARTS
Munjal Auto Industries Limited,MUNJALAU
Munjal Showa Limited,MUNJALSHOW
Murudeshwar Ceramics Limited,MURUDCERA
Muthoot Capital Services Limited,MUTHOOTCAP
Muthoot Finance Limited,MUTHOOTFIN
MVL Limited,MVL
NACL Industries Limited,NACLIND
Nagarjuna Fertilizers and Chemicals Limited,NAGAFERT
Nagarjuna Oil Refinery Limited,NAGAROIL
Nagreeka Capital & Infrastructure Limited,NAGREEKCAP
Nagreeka Exports Limited,NAGREEKEXP
Nahar Capital and Financial Services Limited,NAHARCAP
Nahar Industrial Enterprises Limited,NAHARINDUS
Nahar Poly Films Limited,NAHARPOLY
Nahar Spinning Mills Limited,NAHARSPING
Natco Pharma Limited,NATCOPHARM
Nath Bio-Genes (India) Limited,NATHBIOGEN
National Aluminium Company Limited,NATIONALUM
National Steel And Agro Industries Limited,NATNLSTEEL
Info Edge (India) Limited,NAUKRI
Navin Fluorine International Limited,NAVINFLUOR
Navkar Corporation Limited,NAVKARCORP
Navneet Education Limited,NAVNETEDUL
NBCC (India) Limited,NBCC
N. B. I. Industrial Finance Company Limited,NBIFIN
Nava Bharat Ventures Limited,NBVENTURES
NCC Limited,NCC
NCL Industries Limited,NCLIND
Naga Dhunseri Group Limited,NDGL
Nandan Denim Limited,NDL
New Delhi Television Limited,NDTV
North Eastern Carrying Corporation Limited,NECCLTD
Nectar Lifesciences Limited,NECLIFE
Nelcast Limited,NELCAST
NELCO Limited,NELCO
Neogen Chemicals Limited,NEOGEN
Nesco Limited,NESCO
Nestle India Limited,NESTLEIND
Network18 Media & Investments Limited,NETWORK18
Neuland Laboratories Limited,NEULANDLAB
Newgen Software Technologies Limited,NEWGEN
Next Mediaworks Limited,NEXTMEDIA
National Fertilizers Limited,NFL
Narayana Hrudayalaya Ltd.,NH
NHPC Limited,NHPC
The New India Assurance Company Limited,NIACL
NRB Industrial Bearings Limited,NIBL
NIIT Limited,NIITLTD
NIIT Technologies Limited,NIITTECH
Nila Infrastructures Limited,NILAINFRA
Nila Spaces Limited,NILASPACES
Nilkamal Limited,NILKAMAL
Indo-National Limited,NIPPOBATRY
Niraj Ispat Industries Limited,NIRAJISPAT
Nitco Limited,NITCO
Nitin Fire Protection Industries Limited,NITINFIRE
Nitin Spinners Limited,NITINSPIN
NK Industries Limited,NKIND
NLC India Limited,NLCINDIA
NMDC Limited,NMDC
NOCIL Limited,NOCIL
Noida Toll Bridge Company Limited,NOIDATOLL
Norben Tea & Exports Limited,NORBTEAEXP
N R Agarwal Industries Limited,NRAIL
NRB Bearing Limited,NRBBEARING
Nalwa Sons Investments Limited,NSIL
Neueon Towers Limited,NTL
NTPC Limited,NTPC
Nucleus Software Exports Limited,NUCLEUS
NXTDIGITAL LIMITED,NXTDIGITAL
Oriental Aromatics Limited,OAL
Oberoi Realty Limited,OBEROIRLTY
Oriental Carbon & Chemicals Limited,OCCL
Oracle Financial Services Software Limited,OFSS
Oil India Limited,OIL
Oil Country Tubular Limited,OILCOUNTUB
OCL Iron and Steel Limited,OISL
Olectra Greentech Limited,OLECTRA
Omax Autos Limited,OMAXAUTO
Omaxe Limited,OMAXE
Omkar Speciality Chemicals Limited,OMKARCHEM
OM Metals Infraprojects Limited,OMMETALS
Onelife Capital Advisors Limited,ONELIFECAP
One Point One Solutions Limited,ONEPOINT
Oil & Natural Gas Corporation Limited,ONGC
OnMobile Global Limited,ONMOBILE
Onward Technologies Limited,ONWARDTEC
Optiemus Infracom Limited,OPTIEMUS
Opto Circuits (India) Limited,OPTOCIRCUI
Orbit Exports Limited,ORBTEXP
Oricon Enterprises Limited,ORICONENT
Orient Abrasives Limited,ORIENTABRA
Oriental Trimex Limited,ORIENTALTL
Oriental Bank of Commerce,ORIENTBANK
Orient Bell Limited,ORIENTBELL
Orient Cement Limited,ORIENTCEM
Orient Electric Limited,ORIENTELEC
Oriental Hotels Limited,ORIENTHOT
Orient Press Limited,ORIENTLTD
Orient Paper & Industries Limited,ORIENTPPR
Orient Refractories Limited,ORIENTREF
The Orissa Minerals Development Company Limited,ORISSAMINE
Ortel Communications Limited,ORTEL
Ortin Laboratories Limited,ORTINLABSS
Oswal Agro Mills Limited,OSWALAGRO
PAE Limited,PAEL
Page Industries Limited,PAGEIND
Paisalo Digital Limited,PAISALO
Palash Securities Limited,PALASHSECU
Palred Technologies Limited,PALREDTEC
Panacea Biotec Limited,PANACEABIO
Panama Petrochem Limited,PANAMAPET
Huhtamaki PPL Limited,PAPERPROD
Parabolic Drugs Limited,PARABDRUGS
Paramount Communications Limited,PARACABLES
Parag Milk Foods Limited,PARAGMILK
Parsvnath Developers Limited,PARSVNATH
Patel Engineering Limited,PATELENG
Patel Integrated Logistics Limited,PATINTLOG
Patspin India Limited,PATSPINLTD
PC Jeweller Limited,PCJEWELLER
Pudumjee Paper Products Limited,PDMJEPAPER
Parenteral Drugs (India) Limited,PDPL
PDS Multinational Fashions Limited,PDSMFL
Pearl Polymers Limited,PEARLPOLY
Piramal Enterprises Limited,PEL
Pennar Industries Limited,PENIND
Peninsula Land Limited,PENINLAND
Persistent Systems Limited,PERSISTENT
Petron Engineering Construction Limited,PETRONENGG
Petronet LNG Limited,PETRONET
Power Finance Corporation Limited,PFC
Pfizer Limited,PFIZER
Prime Focus Limited,PFOCUS
PTC India Financial Services Limited,PFS
PG Electroplast Limited,PGEL
Procter & Gamble Hygiene and Health Care Limited,PGHH
Procter & Gamble Health Limited,PGHL
Pearl Global Industries Limited,PGIL
Phillips Carbon Black Limited,PHILIPCARB
The Phoenix Mills Limited,PHOENIXLTD
Pidilite Industries Limited,PIDILITIND
PI Industries Limited,PIIND
Pilani Investment and Industries Corporation Limited,PILANIINVS
PIL ITALICA LIFESTYLE LIMITED,PILITA
Pioneer Distilleries Limited,PIONDIST
Pioneer Embroideries Limited,PIONEEREMB
Piramal Phytocare Limited,PIRPHYTO
Pitti Engineering Limited,PITTIENG
The Peria Karamalai Tea & Produce Company Limited,PKTEA
Plastiblends India Limited,PLASTIBLEN
Punjab National Bank,PNB
PNB Gilts Limited,PNBGILTS
PNB Housing Finance Limited,PNBHOUSING
Pritish Nandy Communications Limited,PNC
PNC Infratech Limited,PNCINFRA
Poddar Housing and Development Limited,PODDARHOUS
Poddar Pigments Limited,PODDARMENT
Pokarna Limited,POKARNA
Polycab India Limited,POLYCAB
Poly Medicure Limited,POLYMED
Polyplex Corporation Limited,POLYPLEX
Ponni Sugars (Erode) Limited,PONNIERODE
Power Grid Corporation of India Limited,POWERGRID
Power Mech Projects Limited,POWERMECH
PPAP Automotive Limited,PPAP
Prakash Pipes Limited,PPL
Prabhat Dairy Limited,PRABHAT
Pradip Overseas Limited,PRADIP
Prajay Engineers Syndicate Limited,PRAENG
Praj Industries Limited,PRAJIND
Prakash Industries Limited,PRAKASH
Prakash Steelage Limited,PRAKASHSTL
Praxis Home Retail Limited,PRAXIS
Precision Camshafts Limited,PRECAM
Precot Meridian Limited,PRECOT
Precision Wires India Limited,PRECWIRE
Premier Explosives Limited,PREMEXPLN
Premier Limited,PREMIER
Premier Polyfilm Limited,PREMIERPOL
Pressman Advertising Limited,PRESSMN
Prestige Estates Projects Limited,PRESTIGE
Pricol Limited,PRICOLLTD
Prime Securities Limited,PRIMESECU
Proseed India Limited,PROSEED
Provogue (India) Limited,PROVOGE
Prozone Intu Properties Limited,PROZONINTU
Prism Johnson Limited,PRSMJOHNSN
Punjab & Sind Bank,PSB
PSL Limited,PSL
PSP Projects Limited,PSPPROJECT
PTC India Limited,PTC
PTL Enterprises Limited,PTL
Punjab Chemicals & Crop Protection Limited,PUNJABCHEM
Punj Lloyd Limited,PUNJLLOYD
Puravankara Limited,PURVA
PVR Limited,PVR
Quess Corp Limited,QUESS
Quick Heal Technologies Limited,QUICKHEAL
Radaan Mediaworks India Limited,RADAAN
Radico Khaitan Limited,RADICO
Music Broadcast Limited,RADIOCITY
Rain Industries Limited,RAIN
Rajesh Exports Limited,RAJESHEXPO
Raj Rayon Industries Limited,RAJRAYON
Rajshree Sugars & Chemicals Limited,RAJSREESUG
Raj Television Network Limited,RAJTV
Rajvir Industries Limited,RAJVIR
Rallis India Limited,RALLIS
Shree Rama Newsprint Limited,RAMANEWS
Rama Steel Tubes Limited,RAMASTEEL
The Ramco Cements Limited,RAMCOCEM
Ramco Industries Limited,RAMCOIND
Ramco Systems Limited,RAMCOSYS
Ramky Infrastructure Limited,RAMKY
Ramsarup Industries Limited,RAMSARUP
Rana Sugars Limited,RANASUG
Rane Engine Valve Limited,RANEENGINE
Rane Holdings Limited,RANEHOLDIN
Ratnamani Metals & Tubes Limited,RATNAMANI
Raymond Limited,RAYMOND
Rane Brake Lining Limited,RBL
RBL Bank Limited,RBLBANK
Rashtriya Chemicals and Fertilizers Limited,RCF
Reliance Communications Limited,RCOM
REC Limited,RECLTD
Redington (India) Limited,REDINGTON
Refex Industries Limited,REFEX
Regency Ceramics Limited,REGENCERAM
Relaxo Footwears Limited,RELAXO
Reliance Capital Limited,RELCAPITAL
Reliance Industries Limited,RELIANCE
Religare Enterprises Limited,RELIGARE
Reliance Infrastructure Limited,RELINFRA
Remsons Industries Limited,REMSONSIND
Shree Renuka Sugars Limited,RENUKA
Repco Home Finance Limited,REPCOHOME
Repro India Limited,REPRO
Responsive Industries Limited,RESPONIND
Revathi Equipment Limited,REVATHI
Renaissance Global Limited,RGL
Reliance Home Finance Limited,RHFL
Rico Auto Industries Limited,RICOAUTO
Reliance Industrial Infrastructure Limited,RIIL
RITES Limited,RITES
Ravi Kumar Distilleries Limited,RKDL
Ramkrishna Forgings Limited,RKFORGE
Radha Madhav Corporation Limited,RMCL
Rane (Madras) Limited,RML
Reliance Nippon Life Asset Management Limited,RNAM
Reliance Naval and Engineering Limited,RNAVAL
Rohit Ferro-Tech Limited,ROHITFERRO
Royal Orchid Hotels Limited,ROHLTD
Rollatainers Limited,ROLLT
Rolta India Limited,ROLTA
Rossell India Limited,ROSSELLIND
RPG Life Sciences Limited,RPGLIFE
Reliance Power Limited,RPOWER
R.P.P. Infra Projects Limited,RPPINFRA
R. S. Software (India) Limited,RSSOFTWARE
RSWM Limited,RSWM
R Systems International Limited,RSYSTEMS
RattanIndia Infrastructure Limited,RTNINFRA
RattanIndia Power Limited,RTNPOWER
The Ruby Mills Limited,RUBYMILLS
Ruchi Infrastructure Limited,RUCHINFRA
Ruchira Papers Limited,RUCHIRA
Ruchi Soya Industries Limited,RUCHISOYA
Rupa & Company Limited,RUPA
Rushil Decor Limited,RUSHIL
Rail Vikas Nigam Limited,RVNL
Sab Events & Governance Now Media Limited,SABEVENTS
Sri Adhikari Brothers Television Network Limited,SABTN
Sadbhav Engineering Limited,SADBHAV
Sadbhav Infrastructure Project Limited,SADBHIN
Safari Industries (India) Limited,SAFARI
Sagardeep Alloys Limited,SAGARDEEP
Sagar Cements Limited,SAGCEM
Steel Authority of India Limited,SAIL
Sakar Healthcare Limited,SAKAR
Sakthi Sugars Limited,SAKHTISUG
Saksoft Limited,SAKSOFT
Sakuma Exports Limited,SAKUMA
Salasar Techno Engineering Limited,SALASAR
Salona Cotspin Limited,SALONA
S.A.L. Steel Limited,SALSTEEL
Salzer Electronics Limited,SALZERELEC
Sambhaav Media Limited,SAMBHAAV
Sanco Industries Limited,SANCO
The Sandesh Limited,SANDESH
Sandhar Technologies Limited,SANDHAR
Sangam (India) Limited,SANGAMIND
Sanghi Industries Limited,SANGHIIND
Sanghvi Forging and Engineering Limited,SANGHVIFOR
Sanghvi Movers Limited,SANGHVIMOV
Sanginita Chemicals Limited,SANGINITA
Sanofi India Limited,SANOFI
Sanwaria Consumer Limited,SANWARIA
Sarda Energy & Minerals Limited,SARDAEN
Saregama India Limited,SAREGAMA
Sarla Performance Fibers Limited,SARLAPOLY
Sasken Technologies Limited,SASKEN
Sastasundar Ventures Limited,SASTASUNDR
Sathavahana Ispat Limited,SATHAISPAT
Satia Industries Limited,SATIA
Satin Creditcare Network Limited,SATIN
SBI Life Insurance Company Limited,SBILIFE
State Bank of India,SBIN
Stampede Capital Limited,SCAPDVR
Schaeffler India Limited,SCHAEFFLER
S Chand And Company Limited,SCHAND
Schneider Electric Infrastructure Limited,SCHNEIDER
Shipping Corporation Of India Limited,SCI
Som Distilleries & Breweries Limited,SDBL
Seamec Limited,SEAMECLTD
Selan Exploration Technology Limited,SELAN
SEL Manufacturing Company Limited,SELMCL
S.E. Power Limited,SEPOWER
Sequent Scientific Limited,SEQUENT
Seshasayee Paper and Boards Limited,SESHAPAPER
Setco Automotive Limited,SETCO
Setubandhan Infrastructure Limited,SETUINFRA
Seya Industries Limited,SEYAIND
Sezal Glass Limited,SEZAL
Sheela Foam Limited,SFL
STL Global Limited,SGL
Shah Alloys Limited,SHAHALLOYS
Shakti Pumps (India) Limited,SHAKTIPUMP
Shalby Limited,SHALBY
Shalimar Paints Limited,SHALPAINTS
Shankara Building Products Limited,SHANKARA
Shanthi Gears Limited,SHANTIGEAR
Sharda Cropchem Limited,SHARDACROP
Sharda Motor Industries Limited,SHARDAMOTR
Shemaroo Entertainment Limited,SHEMAROO
Shilpa Medicare Limited,SHILPAMED
Shirpur Gold Refinery Limited,SHIRPUR-G
Shivam Autotech Limited,SHIVAMAUTO
Shiva Mills Limited,SHIVAMILLS
Shiva Texyarn Limited,SHIVATEX
S H Kelkar and Company Limited,SHK
Shoppers Stop Limited,SHOPERSTOP
Shree Digvijay Cement Co.Ltd,SHREDIGCEM
SHREE CEMENT LIMITED,SHREECEM
Shree Pushkar Chemicals & Fertilisers Limited,SHREEPUSHK
Shree Rama Multi-Tech Limited,SHREERAMA
Shrenik Limited,SHRENIK
Shreyans Industries Limited,SHREYANIND
Shreyas Shipping & Logistics Limited,SHREYAS
Shriram Pistons & Rings Limited,SHRIPISTON
Shriram City Union Finance Limited,SHRIRAMCIT
Shriram EPC Limited,SHRIRAMEPC
Shyam Century Ferrous Limited,SHYAMCENT
Shyam Telecom Limited,SHYAMTEL
Sicagen India Limited,SICAGEN
Sical Logistics Limited,SICAL
Siemens Limited,SIEMENS
Signet Industries Limited,SIGIND
Standard Industries Limited,SIL
SIL Investments Limited,SILINV
Simbhaoli Sugars Limited,SIMBHALS
Simplex Infrastructures Limited,SIMPLEXINF
Sintex Industries Limited,SINTEX
Sirca Paints India Limited,SIRCA
Security and Intelligence Services (India) Limited,SIS
Siti Networks Limited,SITINET
Siyaram Silk Mills Limited,SIYSIL
SJVN Limited,SJVN
SKF India Limited,SKFINDIA
SKIL Infrastructure Limited,SKIL
Skipper Limited,SKIPPER
SKM Egg Products Export (India) Limited,SKMEGGPROD
Smartlink Holdings Limited,SMARTLINK
SML Isuzu Limited,SMLISUZU
Splendid Metal Products Limited,SMPL
SMS Lifesciences India Limited,SMSLIFE
SMS Pharmaceuticals Limited,SMSPHARMA
Snowman Logistics Limited,SNOWMAN
Sobha Limited,SOBHA
Solara Active Pharma Sciences Limited,SOLARA
Solar Industries India Limited,SOLARINDS
Somany Ceramics Limited,SOMANYCERA
Soma Textiles & Industries Limited,SOMATEX
Somi Conveyor Beltings Limited,SOMICONVEY
Sonata Software Limited,SONATSOFTW
SORIL Infra Resources Limited,SORILINFRA
Savita Oil Technologies Limited,SOTL
The South Indian Bank Limited,SOUTHBANK
South West Pinnacle Exploration Limited,SOUTHWEST
S. P. Apparels Limited,SPAL
Spandana Sphoorty Financial Limited,SPANDANA
Sun Pharma Advanced Research Company Limited,SPARC
Spacenet Enterprises India Limited,SPCENET
Speciality Restaurants Limited,SPECIALITY
Spencer’s Retail Limited,SPENCERS
Spentex Industries Limited,SPENTEX
Southern Petrochemicals Industries Corporation  Limited,SPIC
SPICEJET LTD,SPICEJET
SPL Industries Limited,SPLIL
SPML Infra Limited,SPMLINFRA
Sintex Plastics Technology Limited,SPTL
Shekhawati Poly-Yarn Limited,SPYL
Sreeleathers Limited,SREEL
SREI Infrastructure Finance Limited,SREINFRA
SRF Limited,SRF
Sree Rayalaseema Hi-Strength Hypo Limited,SRHHYPOLTD
Srikalahasthi Pipes Limited,SRIPIPES
Shriram Transport Finance Company Limited,SRTRANSFIN
Steel Strips Wheels Limited,SSWL
Stampede Capital Limited,STAMPEDE
Strides Pharma Science Limited,STAR
Star Cement Limited,STARCEMENT
Star Paper Mills Limited,STARPAPER
The State Trading Corporation of India Limited,STCINDIA
Steel City Securities Limited,STEELCITY
STEEL EXCHANGE INDIA LIMITED,STEELXIND
Stel Holdings Limited,STEL
Sterling Tools Limited,STERTOOLS
STI India Limited,STINDIA
Sterlite Technologies Limited,STRTECH
International Constructions Limited,SUBCAPCITY
Subex Limited,SUBEX
Subros Limited,SUBROS
Sudarshan Chemical Industries Limited,SUDARSCHEM
Sujana Universal Industries Limited,SUJANAUNI
Sumeet Industries Limited,SUMEETINDS
Sumit Woods Limited,SUMIT
Summit Securities Limited,SUMMITSEC
Sundaram Clayton Limited,SUNCLAYLTD
Sundaram Multi Pap Limited,SUNDARAM
Sundaram Finance Limited,SUNDARMFIN
Sundaram Finance Holdings Limited,SUNDARMHLD
Sundaram Brake Linings Limited,SUNDRMBRAK
Sundram Fasteners Limited,SUNDRMFAST
Sunflag Iron And Steel Company Limited,SUNFLAG
Sun Pharmaceutical Industries Limited,SUNPHARMA
Sunteck Realty Limited,SUNTECK
Sun TV Network Limited,SUNTV
Superhouse Limited,SUPERHOUSE
Super Spinning Mills Limited,SUPERSPIN
Supreme Petrochem Limited,SUPPETRO
Suprajit Engineering Limited,SUPRAJIT
Supreme Industries Limited,SUPREMEIND
Supreme Infrastructure India Limited,SUPREMEINF
Surana Solar Limited,SURANASOL
Surana Telecom and Power Limited,SURANAT&P
Suryalakshmi Cotton Mills Limited,SURYALAXMI
Surya Roshni Limited,SURYAROSNI
Sutlej Textiles and Industries Limited,SUTLEJTEX
Suven Life Sciences Limited,SUVEN
Suzlon Energy Limited,SUZLON
Swan Energy Limited,SWANENERGY
Swaraj Engines Limited,SWARAJENG
Swelect Energy Systems Limited,SWELECTES
Sterling And Wilson Solar Limited,SWSOLAR
Symphony Limited,SYMPHONY
Syncom Healthcare Limited,SYNCOM
Syndicate Bank,SYNDIBANK
Syngene International Limited,SYNGENE
Tainwala Chemical and Plastic (I) Limited,TAINWALCHM
Taj GVK Hotels & Resorts Limited,TAJGVK
Take Solutions Limited,TAKE
Talbros Automotive Components Limited,TALBROAUTO
Talwalkars Better Value Fitness Limited,TALWALKARS
Talwalkars Healthclubs Limited,TALWGYM
Tanla Solutions Limited,TANLA
Tantia Constructions Limited,TANTIACONS
Tarapur Transformers Limited,TARAPUR
Tarmat Limited,TARMAT
Tasty Bite Eatables Limited,TASTYBITE
Tata Chemicals Limited,TATACHEM
Tata Coffee Limited,TATACOFFEE
Tata Communications Limited,TATACOMM
Tata Elxsi Limited,TATAELXSI
Tata Global Beverages Limited,TATAGLOBAL
Tata Investment Corporation Limited,TATAINVEST
Tata Metaliks Limited,TATAMETALI
Tata Motors Limited,TATAMOTORS
Tata Motors Limited,TATAMTRDVR
Tata Power Company Limited,TATAPOWER
Tata Steel Limited,TATASTEEL
Tata Steel Bsl Limited,TATASTLBSL
Tata Steel Long Products Limited,TATASTLLP
Tribhovandas Bhimji Zaveri Limited,TBZ
Transport Corporation of India Limited,TCI
TCI Developers Limited,TCIDEVELOP
TCI Express Limited,TCIEXP
TCI Finance Limited,TCIFINANCE
TCNS Clothing Co. Limited,TCNSBRANDS
TCPL Packaging Limited,TCPLPACK
Tata Consultancy Services Limited,TCS
TD Power Systems Limited,TDPOWERSYS
Teamlease Services Limited,TEAMLEASE
Techindia Nirman Limited,TECHIN
Tech Mahindra Limited,TECHM
Techno Electric & Engineering Company Limited,TECHNOE
Technofab Engineering Limited,TECHNOFAB
Tejas Networks Limited,TEJASNET
Tera Software Limited,TERASOFT
Texmaco Infrastructure & Holdings Limited,TEXINFRA
Texmo Pipes and Products Limited,TEXMOPIPES
Texmaco Rail & Engineering Limited,TEXRAIL
Texmaco Rail & Engineering Limited,TEXRAIL
Tourism Finance Corporation of India Limited,TFCILTD
Transwarranty Finance Limited,TFL
TGB Banquets And Hotels Limited,TGBHOTELS
TGB Banquets And Hotels Limited,TGBHOTELS
Thangamayil Jewellery Limited,THANGAMAYL
The Investment Trust Of India Limited,THEINVEST
Themis Medicare Limited,THEMISMED
Thermax Limited,THERMAX
Thiru Arooran Sugars Limited,THIRUSUGAR
Thomas Cook  (India)  Limited,THOMASCOOK
Thomas Scott (India) Limited,THOMASCOTT
Thyrocare Technologies Limited,THYROCARE
Tilaknagar Industries Limited,TI
Tide Water Oil Company (India) Limited,TIDEWATER
Technocraft Industries (India) Limited,TIIL
Tube Investments of India Limited,TIINDIA
Tijaria Polypipes Limited,TIJARIA
TIL Limited,TIL
Times Guaranty Limited,TIMESGTY
Time Technoplast Limited,TIMETECHNO
Timken India Limited,TIMKEN
The Tinplate Company of India Limited,TINPLATE
TIPS Industries Limited,TIPSINDLTD
Thirumalai Chemicals Limited,TIRUMALCHM
Titan Company Limited,TITAN
The Mandhana Retail Ventures Limited,TMRVL
Tamilnadu PetroProducts Limited,TNPETRO
Tamil Nadu Newsprint & Papers Limited,TNPL
Tamilnadu Telecommunication Limited,TNTELE
Tokyo Plast International Limited,TOKYOPLAST
Torrent Pharmaceuticals Limited,TORNTPHARM
Torrent Power Limited,TORNTPOWER
TPL Plastech Limited,TPLPLASTEH
Tree House Education & Accessories Limited,TREEHOUSE
TREJHARA SOLUTIONS LIMITED,TREJHARA
Trent Limited,TRENT
TRF Limited,TRF
Trident Limited,TRIDENT
Trigyn Technologies Limited,TRIGYN
Transformers And Rectifiers (India) Limited,TRIL
Triveni Turbine Limited,TRITURBINE
Triveni Engineering & Industries Limited,TRIVENI
TTK Healthcare Limited,TTKHLTCARE
TTK Prestige Limited,TTKPRESTIG
T T Limited,TTL
Tata Teleservices (Maharashtra) Limited,TTML
TV18 Broadcast Limited,TV18BRDCST
TVS Electronics Limited,TVSELECT
TVS Motor Company Limited,TVSMOTOR
TVS Srichakra Limited,TVSSRICHAK
TV Today Network Limited,TVTODAY
TV Vision Limited,TVVISION
Titagarh Wagons Limited,TWL
United Breweries Limited,UBL
Ucal Fuel Systems Limited,UCALFUEL
UCO Bank,UCOBANK
UFLEX Limited,UFLEX
UFO Moviez India Limited,UFO
The Ugar Sugar Works Limited,UGARSUGAR
Ujaas Energy Limited,UJAAS
Ujjivan Financial Services Limited,UJJIVAN
UltraTech Cement Limited,ULTRACEMCO
Umang Dairies Limited,UMANGDAIRY
Usha Martin Education & Solutions Limited,UMESLTD
Unichem Laboratories Limited,UNICHEMLAB
Uniphos Enterprises Limited,UNIENTER
Union Bank of India,UNIONBANK
Uniply Industries Limited,UNIPLY
Unitech Limited,UNITECH
United Bank of India,UNITEDBNK
The United Nilgiri Tea Estates Company Limited,UNITEDTEA
Unity Infraprojects Limited,UNITY
Universal Cables Limited,UNIVCABLES
UPL Limited,UPL
Urja Global Limited,URJA
Usha Martin Limited,USHAMART
Uttam Galva Steels Limited,UTTAMSTL
Uttam Sugar Mills Limited,UTTAMSUGAR
Uttam Value Steels Limited,UVSL
V2 Retail Limited,V2RETAIL
Vadilal Industries Limited,VADILALIND
Vaibhav Global Limited,VAIBHAVGBL
Vakrangee Limited,VAKRANGEE
Vardhman Acrylics Limited,VARDHACRLC
Vardhman Polytex Limited,VARDMNPOLY
Varroc Engineering Limited,VARROC
Vascon Engineers Limited,VASCONEQ
Vaswani Industries Limited,VASWANI
Varun Beverages Limited,VBL
Vedanta Limited,VEDL
Venky’s (India) Limited,VENKEYS
Venus Remedies Limited,VENUSREM
Vesuvius India Limited,VESUVIUS
Veto Switchgears And Cables Limited,VETO
V-Guard Industries Limited,VGUARD
Vardhman Holdings Limited,VHL
Viceroy Hotels Limited,VICEROY
Videocon Industries Limited,VIDEOIND
Vidhi Specialty Food Ingredients Limited,VIDHIING
Viji Finance Limited,VIJIFIN
Vikas EcoTech Limited,VIKASECO
Vikas Multicorp Limited,VIKASMCORP
Vikas Proppant & Granite Limited,VIKASPROP
Vikas WSP Limited,VIKASWSP
Vimal Oil & Foods Limited,VIMALOIL
Vimta Labs Limited,VIMTALABS
Vinati Organics Limited,VINATIORGA
Vindhya Telelinks Limited,VINDHYATEL
Vinyl Chemicals (India) Limited,VINYLINDIA
VIP Clothing Limited,VIPCLOTHNG
VIP Industries Limited,VIPIND
Vipul Limited,VIPULLTD
Visaka Industries Limited,VISAKAIND
Visa Steel Limited,VISASTEEL
Visesh Infotecnics Limited,VISESHINFO
Vishal Fabrics Limited,VISHAL
Vishnu Chemicals Limited,VISHNU
Vishwaraj Sugar Industries Limited,VISHWARAJ
Visagar Polytex Limited,VIVIDHA
Vivimed Labs Limited,VIVIMEDLAB
VLS Finance Limited,VLSFINANCE
V-Mart Retail Limited,VMART
Voltamp Transformers Limited,VOLTAMP
Voltas Limited,VOLTAS
VRL Logistics Limited,VRLLOG
Vardhman Special Steels Limited,VSSL
VST Industries Limited,VSTIND
V.S.T Tillers Tractors Limited,VSTTILLERS
Vardhman Textiles Limited,VTL
VA Tech Wabag Limited,WABAG
WABCO India Limited,WABCOINDIA
Walchandnagar Industries Limited,WALCHANNAG
Wanbury Limited,WANBURY
Waterbase Limited,WATERBASE
Websol Energy System Limited,WEBELSOLAR
Weizmann Forex Limited,WEIZFOREX
Weizmann Limited,WEIZMANIND
Welspun Corp Limited,WELCORP
Welspun Enterprises Limited,WELENT
Welspun Investments and Commercials Limited,WELINV
Welspun India Limited,WELSPUNIND
Wendt (India) Limited,WENDT
Westlife Development Ltd,WESTLIFE
Wheels India Limited,WHEELS
Whirlpool of India Limited,WHIRLPOOL
Williamson Magor & Company Limited,WILLAMAGOR
Windsor Machines Limited,WINDMACHIN
Winsome Yarns Limited,WINSOME
The Western India Plywoods Limited,WIPL
Wipro Limited,WIPRO
Wockhardt Limited,WOCKPHARMA
Wonderla Holidays Limited,WONDERLA
W S Industries (I) Limited,WSI
West Coast Paper Mills Limited,WSTCSTPAPR
Xchanging Solutions Limited,XCHANGING
Xelpmoc Design And Tech Limited,XELPMOC
XL Energy Limited,XLENERGY
Xpro India Limited,XPROINDIA
Yes Bank Limited,YESBANK
Zee Entertainment Enterprises Limited,ZEEL
Zee Learn Limited,ZEELEARN
Zee Media Corporation Limited,ZEEMEDIA
Zenith Birla (India) Limited,ZENITHBIR
Zenith Exports Limited,ZENITHEXPO
Zensar Technologies Limited,ZENSARTECH
Zen Technologies Limited,ZENTEC
Zicom Electronic Security Systems Limited,ZICOM
Zodiac Clothing Company Limited,ZODIACLOTH
Zodiac JRD- MKJ Limited,ZODJRDMKJ
Zota Health Care LImited,ZOTA
Zuari Agro Chemicals Limited,ZUARI
Zuari Global Limited,ZUARIGLOB
Zydus Wellness Limited,ZYDUSWELL
